,composer,song_name,year,era
0,Handel,handel_hwv-443_1_praeludium_und_fuge_(c)yamada.mid,1702,Baroque
1,Handel,handel_hwv-443_2_allemande_(c)yamada.mid,1702,Baroque
2,Handel,handel_hwv-443_3_courante_(c)yamada.mid,1702,Baroque
3,Bach,overture_bwv-820_(c)sankey.mid,1705,Baroque
4,Handel,handel_hwv-444_2_allemande_(c)yamada.mid,1705,Baroque
5,Handel,handel_hwv-435_chacone_with_21_variations_(c)yamada.mid,1705,Baroque
6,Handel,handel_hwv-445_1_prelude_(c)yamada.mid,1705,Baroque
7,Handel,handel_hwv-445_3_courante_(c)yamada.mid,1705,Baroque
8,Handel,handel_hwv-444_1_prelude_(c)yamada.mid,1705,Baroque
9,Handel,handel_hwv-444_3_courante_(c)yamada.mid,1705,Baroque
10,Handel,handel_hwv-445_2_allemande_(c)yamada.mid,1705,Baroque
11,Bach,suites_bwv-818_(c)sankey.mid,1705,Baroque
12,Handel,handel_hwv-429_1_allegro_(c)yamada.mid,1710,Baroque
13,Handel,handel_hwv-427_1_adagio_(c)yamada.mid,1710,Baroque
14,Handel,handel_hwv-426_4_gigue_(c)yamada.mid,1710,Baroque
15,Handel,handel_hwv-426-1_prelude_(c)yamada.mid,1710,Baroque
16,Handel,handel_hwv-429_2_allemande_(c)yamada.mid,1710,Baroque
17,Handel,handel_hwv-426_2_allemande_(c)yamada.mid,1710,Baroque
18,Handel,handel_hwv-427_2_allegro_(c)yamada.mid,1710,Baroque
19,Handel,handel_hwv-427_3_adagio_(c)yamada.mid,1710,Baroque
20,Handel,handel_hwv-429_3_courante_(c)yamada.mid,1710,Baroque
21,Handel,handel_hwv-426_3_courante_(c)yamada.mid,1710,Baroque
22,Handel,handel_hwv-427_4_allegro_(c)yamada.mid,1710,Baroque
23,Couperin,couperin_2_19_la_diligente_(c)icking-archive.mid,1713,Baroque
24,Couperin,couperin_2_15_la_garnier_(c)icking-archive.mid,1713,Baroque
25,Couperin,couperin_5_9_la_flore_(c)icking-archive.mid,1713,Baroque
26,Handel,handel_hwv-434_3_aria_con_variazioni_(c)yamada.mid,1713,Baroque
27,Handel,handel_hwv-434_1_prelude_(c)yamada.mid,1713,Baroque
28,Couperin,couperin_4_4_le_reveil_matin_(c)icking-archive.mid,1713,Baroque
29,Couperin,couperin_2_11_la_charoloise_(c)icking-archive.mid,1713,Baroque
30,Couperin,couperin_2_8_canaries_(c)icking-archive.mid,1713,Baroque
31,Couperin,couperin_8_4_seconde_courante_(c)icking-archive.mid,1713,Baroque
32,Couperin,couperin_2_17_les_idees_heureuses_(c)icking-archive.mid,1713,Baroque
33,Couperin,couperin_1_9_les_abeilles_(c)icking-archive.mid,1713,Baroque
34,Couperin,couperin_3_12_la_favorite_(c)icking-archive.mid,1713,Baroque
35,Handel,handel_hwv-434_2_sonata_(c)yamada.mid,1713,Baroque
36,Couperin,couperin_1_8_les_silvains_(c)icking-archive.mid,1713,Baroque
37,Couperin,couperin_1_16_l-enchanteresse_(c)icking-archive.mid,1713,Baroque
38,Couperin,couperin_8_9_passacaille_(c)icking-archive.mid,1717,Baroque
39,Couperin,couperin_6_5_les_baricades_(c)icking-archive.mid,1717,Baroque
40,Handel,handel_hwv-428_2_allegro_(c)yamada.mid,1717,Baroque
41,Handel,handel_hwv-428_3_allemande_(c)yamada.mid,1717,Baroque
42,Handel,handel_hwv-428_1_prelude_(c)yamada.mid,1717,Baroque
43,Couperin,couperin_6_1_les_moissonneurs_(c)icking-archive.mid,1717,Baroque
44,Couperin,couperin_11_2_l-etincelante_(c)icking-archive.mid,1717,Baroque
45,Bach,BWV793_(c)galimberti.mid,1720,Baroque
46,Bach,BWV790_(c)galimberti.mid,1720,Baroque
47,Bach,BWV784_(c)galimberti.mid,1720,Baroque
48,Bach,BWV799_(c)galimberti.mid,1720,Baroque
49,Bach,BWV780_(c)galimberti.mid,1720,Baroque
50,Bach,english_suites_bwv-810_(c)sankey.mid,1720,Baroque
51,Bach,BWV801_(c)galimberti.mid,1720,Baroque
52,Bach,english_suites_bwv-807_(c)sankey.mid,1720,Baroque
53,Bach,BWV781_(c)galimberti.mid,1720,Baroque
54,Bach,BWV774_(c)galimberti.mid,1720,Baroque
55,Bach,BWV798_(c)galimberti.mid,1720,Baroque
56,Bach,BWV787_(c)galimberti.mid,1720,Baroque
57,Bach,BWV776_(c)galimberti.mid,1720,Baroque
58,Bach,BWV777_(c)galimberti.mid,1720,Baroque
59,Bach,english_suites_bwv-809_(c)sankey.mid,1720,Baroque
60,Bach,english_suites_bwv-811_(c)sankey.mid,1720,Baroque
61,Bach,BWV791_(c)galimberti.mid,1720,Baroque
62,Bach,BWV797_(c)galimberti.mid,1720,Baroque
63,Bach,english_suites_bwv-808_(c)sankey.mid,1720,Baroque
64,Bach,BWV795_(c)galimberti.mid,1720,Baroque
65,Bach,BWV792_(c)galimberti.mid,1720,Baroque
66,Bach,BWV800_(c)galimberti.mid,1720,Baroque
67,Bach,english_suites_bwv-806_(c)sankey.mid,1720,Baroque
68,Bach,BWV782_(c)galimberti.mid,1720,Baroque
69,Bach,BWV783_(c)galimberti.mid,1720,Baroque
70,Bach,BWV786_(c)galimberti.mid,1720,Baroque
71,Bach,BWV779_(c)galimberti.mid,1720,Baroque
72,Bach,BWV788_(c)galimberti.mid,1720,Baroque
73,Bach,BWV796_(c)galimberti.mid,1720,Baroque
74,Bach,BWV789_(c)galimberti.mid,1720,Baroque
75,Bach,BWV785_(c)galimberti.mid,1720,Baroque
76,Bach,BWV794_(c)galimberti.mid,1720,Baroque
77,Bach,BWV778_(c)galimberti.mid,1720,Baroque
78,Bach,BWV772_(c)galimberti.mid,1720,Baroque
79,Bach,BWV773_(c)galimberti.mid,1720,Baroque
80,Bach,BWV775_(c)galimberti.mid,1720,Baroque
81,Bach,suites_bwv-823_(c)sankey.mid,1722,Baroque
82,Bach,well-tempered-clavier-i_bwv-861_(c)sankey.mid,1722,Baroque
83,Bach,well-tempered-clavier-i_bwv-859_(c)sankey.mid,1722,Baroque
84,Bach,well-tempered-clavier-i_bwv-858_(c)sankey.mid,1722,Baroque
85,Bach,well-tempered-clavier-i_bwv-847_(c)sankey.mid,1722,Baroque
86,Bach,well-tempered-clavier-i_bwv-854_(c)sankey.mid,1722,Baroque
87,Bach,french_suites_bwv-817_(c)sankey.mid,1722,Baroque
88,Bach,well-tempered-clavier-i_bwv-868_(c)sankey.mid,1722,Baroque
89,Bach,well-tempered-clavier-i_bwv-862_(c)sankey.mid,1722,Baroque
90,Bach,french_suites_bwv-815_(c)sankey.mid,1722,Baroque
91,Bach,well-tempered-clavier-i_bwv-867_(c)sankey.mid,1722,Baroque
92,Bach,french_suites_bwv-813_(c)sankey.mid,1722,Baroque
93,Bach,french_suites_bwv-814_(c)sankey.mid,1722,Baroque
94,Bach,well-tempered-clavier-i_bwv-857_(c)sankey.mid,1722,Baroque
95,Bach,well-tempered-clavier-i_bwv-849_(c)sankey.mid,1722,Baroque
96,Bach,well-tempered-clavier-i_bwv-856_(c)sankey.mid,1722,Baroque
97,Bach,well-tempered-clavier-i_bwv-850_(c)sankey.mid,1722,Baroque
98,Bach,well-tempered-clavier-i_bwv-846_(c)sankey.mid,1722,Baroque
99,Bach,french_suites_bwv-812_(c)sankey.mid,1722,Baroque
100,Bach,well-tempered-clavier-i_bwv-869_(c)sankey.mid,1722,Baroque
101,Bach,well-tempered-clavier-i_bwv-866_(c)sankey.mid,1722,Baroque
102,Bach,well-tempered-clavier-i_bwv-860_(c)sankey.mid,1722,Baroque
103,Bach,well-tempered-clavier-i_bwv-863_(c)sankey.mid,1722,Baroque
104,Bach,well-tempered-clavier-i_bwv-851_(c)sankey.mid,1722,Baroque
105,Bach,well-tempered-clavier-i_bwv-848_(c)sankey.mid,1722,Baroque
106,Bach,well-tempered-clavier-i_bwv-865_(c)sankey.mid,1722,Baroque
107,Bach,well-tempered-clavier-i_bwv-853_(c)sankey.mid,1722,Baroque
108,Bach,well-tempered-clavier-i_bwv-852_(c)sankey.mid,1722,Baroque
109,Bach,well-tempered-clavier-i_bwv-864_(c)sankey.mid,1722,Baroque
110,Bach,well-tempered-clavier-i_bwv-855_(c)sankey.mid,1722,Baroque
111,Bach,french_suites_bwv-816.mid,1722,Baroque
112,Bach,suites_bwv-819_(c)sankey.mid,1725,Baroque
113,Telemann,telemann_fantasie_per_cembalo_1_(c)icking-archive.mid,1732,Baroque
114,Telemann,telemann_fantasie_per_cembalo_2_(c)icking-archive.mid,1732,Baroque
115,Telemann,telemann_fantasie_per_cembalo_3_(c)icking-archive.mid,1732,Baroque
116,Telemann,telemann_fantasie_per_cembalo_11_(c)icking-archive.mid,1732,Baroque
117,Telemann,telemann_fantasie_per_cembalo_4_(c)icking-archive.mid,1732,Baroque
118,Telemann,telemann_fantasie_per_cembalo_5_(c)icking-archive.mid,1732,Baroque
119,Telemann,telemann_fantasie_per_cembalo_12_(c)icking-archive.mid,1732,Baroque
120,Telemann,telemann_fantasie_per_cembalo_7_(c)icking-archive.mid,1732,Baroque
121,Telemann,telemann_fantasie_per_cembalo_9_(c)icking-archive.mid,1732,Baroque
122,Telemann,telemann_fantasie_per_cembalo_8_(c)icking-archive.mid,1732,Baroque
123,Telemann,telemann_fantasie_per_cembalo_6_(c)icking-archive.mid,1732,Baroque
124,Telemann,telemann_fantasie_per_cembalo_10_(c)icking-archive.mid,1732,Baroque
125,D.Scarlatti,k017.mid,1738,Baroque
126,D.Scarlatti,k003.mid,1738,Baroque
127,D.Scarlatti,k010.mid,1738,Baroque
128,D.Scarlatti,k013.mid,1738,Baroque
129,D.Scarlatti,k005.mid,1738,Baroque
130,D.Scarlatti,k009.mid,1738,Baroque
131,D.Scarlatti,k014.mid,1738,Baroque
132,D.Scarlatti,k011.mid,1738,Baroque
133,D.Scarlatti,K019.MID,1738,Baroque
134,D.Scarlatti,k002.mid,1738,Baroque
135,D.Scarlatti,k015.mid,1738,Baroque
136,D.Scarlatti,k007.mid,1738,Baroque
137,D.Scarlatti,k018.mid,1738,Baroque
138,D.Scarlatti,k006.mid,1738,Baroque
139,D.Scarlatti,k020.mid,1738,Baroque
140,D.Scarlatti,k012.mid,1738,Baroque
141,D.Scarlatti,k008.mid,1738,Baroque
142,D.Scarlatti,k004.mid,1738,Baroque
143,D.Scarlatti,k016.mid,1738,Baroque
144,D.Scarlatti,k001.mid,1738,Baroque
145,Bach,bach_well_tempered_klavier_ii_bwv877.mid,1740,Baroque
146,Bach,bach_well_tempered_klavier_ii_bwv893.mid,1740,Baroque
147,Bach,bach_well_tempered_klavier_ii_bwv872.mid,1740,Baroque
148,Bach,bach_well_tempered_klavier_ii_bwv891.mid,1740,Baroque
149,Bach,bach_well_tempered_klavier_ii_bwv887.mid,1740,Baroque
150,Bach,bach_well_tempered_klavier_ii_bwv871_(c)harfesoft.mid,1740,Baroque
151,Bach,bach_well_tempered_klavier_ii_bwv881.mid,1740,Baroque
152,Bach,bach_well_tempered_klavier_ii_bwv883.mid,1740,Baroque
153,Bach,bach_well_tempered_klavier_ii_bwv876.mid,1740,Baroque
154,Bach,bach_well_tempered_klavier_ii_bwv880.mid,1740,Baroque
155,Bach,bach_well_tempered_klavier_ii_bwv875.mid,1740,Baroque
156,Bach,bach_well_tempered_klavier_ii_bwv874.mid,1740,Baroque
157,Bach,bach_well_tempered_klavier_ii_bwv882.mid,1740,Baroque
158,Bach,bach_well_tempered_klavier_ii_bwv870_(c)harfesoft.mid,1740,Baroque
159,Bach,bach_well_tempered_klavier_ii_bwv892.mid,1740,Baroque
160,Bach,bach_well_tempered_klavier_ii_bwv889.mid,1740,Baroque
161,Bach,bach_well_tempered_klavier_ii_bwv885.mid,1740,Baroque
162,Bach,bach_well_tempered_klavier_ii_bwv890.mid,1740,Baroque
163,Bach,bach_well_tempered_klavier_ii_bwv886.mid,1740,Baroque
164,Bach,bach_well_tempered_klavier_ii_bwv878.mid,1740,Baroque
165,Bach,bach_well_tempered_klavier_ii_bwv879.mid,1740,Baroque
166,Bach,bach_well_tempered_klavier_ii_bwv884.mid,1740,Baroque
167,Bach,bach_well_tempered_klavier_ii_bwv888.mid,1740,Baroque
168,Bach,bach_well_tempered_klavier_ii_bwv873.mid,1740,Baroque
169,Bach,goldberg_variations_988_11_(c)degiusti.mid,1741,Baroque
170,Bach,goldberg_variations_988_04_(c)degiusti.mid,1741,Baroque
171,Bach,goldberg_variations_988_18_(c)degiusti.mid,1741,Baroque
172,Bach,goldberg_variations_988_22_(c)degiusti.mid,1741,Baroque
173,Bach,goldberg_variations_988_17_(c)degiusti.mid,1741,Baroque
174,Bach,goldberg_variations_988_08_(c)degiusti.mid,1741,Baroque
175,Bach,goldberg_variations_988_10_(c)degiusti.mid,1741,Baroque
176,Bach,goldberg_variations_988_01_(c)degiusti.mid,1741,Baroque
177,Bach,goldberg_variations_988_07_(c)degiusti.mid,1741,Baroque
178,Bach,goldberg_variations_988_09_(c)degiusti.mid,1741,Baroque
179,Bach,goldberg_variations_988_aria_(c)degiusti.mid,1741,Baroque
180,Bach,goldberg_variations_988_23_(c)degiusti.mid,1741,Baroque
181,Bach,goldberg_variations_988_28_(c)degiusti.mid,1741,Baroque
182,Bach,goldberg_variations_988_24_(c)degiusti.mid,1741,Baroque
183,Bach,goldberg_variations_988_25_(c)degiusti.mid,1741,Baroque
184,Bach,goldberg_variations_988_13_(c)degiusti.mid,1741,Baroque
185,Bach,goldberg_variations_988_21_(c)degiusti.mid,1741,Baroque
186,Bach,goldberg_variations_988_02_(c)degiusti.mid,1741,Baroque
187,Bach,goldberg_variations_988_26_(c)degiusti.mid,1741,Baroque
188,Bach,goldberg_variations_988_20_(c)degiusti.mid,1741,Baroque
189,Bach,goldberg_variations_988_16_(c)degiusti.mid,1741,Baroque
190,Bach,goldberg_variations_988_29_(c)degiusti.mid,1741,Baroque
191,Bach,goldberg_variations_988_14_(c)degiusti.mid,1741,Baroque
192,Bach,goldberg_variations_988_aria-da-capo_(c)degiusti.mid,1741,Baroque
193,Bach,goldberg_variations_988_30_(c)degiusti.mid,1741,Baroque
194,Bach,goldberg_variations_988_27_(c)degiusti.mid,1741,Baroque
195,Bach,goldberg_variations_988_05_(c)degiusti.mid,1741,Baroque
196,Bach,goldberg_variations_988_15_(c)degiusti.mid,1741,Baroque
197,Bach,goldberg_variations_988_03_(c)degiusti.mid,1741,Baroque
198,Bach,goldberg_variations_988_12_(c)degiusti.mid,1741,Baroque
199,Bach,goldberg_variations_988_19_(c)degiusti.mid,1741,Baroque
200,Bach,goldberg_variations_988_06_(c)degiusti.mid,1741,Baroque
201,D.Scarlatti,K295.MID,1752,Baroque
202,D.Scarlatti,K286.MID,1752,Baroque
203,D.Scarlatti,K291.MID,1752,Baroque
204,D.Scarlatti,K288.MID,1752,Baroque
205,D.Scarlatti,K280.MID,1752,Baroque
206,D.Scarlatti,K294.MID,1752,Baroque
207,D.Scarlatti,K298.MID,1752,Baroque
208,D.Scarlatti,K300.MID,1752,Baroque
209,D.Scarlatti,K289.MID,1752,Baroque
210,D.Scarlatti,K297.MID,1752,Baroque
211,D.Scarlatti,K282.MID,1752,Baroque
212,D.Scarlatti,K287.MID,1752,Baroque
213,D.Scarlatti,K299.MID,1752,Baroque
214,D.Scarlatti,K283.MID,1752,Baroque
215,D.Scarlatti,K296.MID,1752,Baroque
216,D.Scarlatti,K285.MID,1752,Baroque
217,D.Scarlatti,K293.MID,1752,Baroque
218,D.Scarlatti,K281.MID,1752,Baroque
219,D.Scarlatti,K284.MID,1752,Baroque
220,D.Scarlatti,K292.MID,1752,Baroque
221,D.Scarlatti,K290.MID,1752,Baroque
222,Haydn,sonata_XVI.5_3_(c)iscenko.mid,1763,Classical
223,Haydn,sonata_XVI.5_1_(c)iscenko.mid,1763,Classical
224,Haydn,sonata_XVI.5_2_(c)iscenko.mid,1763,Classical
225,Haydn,sonata_XVI.9_3_(c)iscenko.mid,1766,Classical
226,Haydn,sonata_XVI.9_2_(c)iscenko.mid,1766,Classical
227,Haydn,sonata_XVI.9_1_(c)iscenko.mid,1766,Classical
228,Haydn,sonata_XVI.11_3_(c)iscenko.mid,1767,Classical
229,Haydn,sonata_XVI.10_3_(c)iscenko.mid,1767,Classical
230,Haydn,sonata_XVI.19_1_(c)iscenko.mid,1767,Classical
231,Haydn,sonata_XVI.11_1_(c)iscenko.mid,1767,Classical
232,Haydn,sonata_XVI.10_2_(c)iscenko.mid,1767,Classical
233,Haydn,sonata_XVI.10_1_(c)iscenko.mid,1767,Classical
234,Haydn,sonata_XVI.19_3_(c)iscenko.mid,1767,Classical
235,Haydn,sonata_XVI.11_2_(c)iscenko.mid,1767,Classical
236,Haydn,sonata_XVI.19_2_(c)iscenko.mid,1767,Classical
237,Haydn,sonata_XVI.20_1_(c)iscenko.mid,1771,Classical
238,Haydn,sonata_XVI.20_2_(c)iscenko.mid,1771,Classical
239,Haydn,sonata_XVI.20_3_(c)iscenko.mid,1771,Classical
240,Haydn,sonata_XVI.18_2_(c)iscenko.mid,1773,Classical
241,Haydn,sonata_XVI.18_1_(c)iscenko.mid,1773,Classical
242,Mozart,piano_sonata_283_(hisamori).mid,1775,Classical
243,Mozart,piano_sonata_282_(hisamori).mid,1775,Classical
244,Mozart,piano_sonata_280_(hisamori).mid,1775,Classical
245,Mozart,piano_sonata_279_(hisamori).mid,1775,Classical
246,Mozart,piano_sonata_281_(hisamori).mid,1775,Classical
247,Mozart,piano_sonata_284_(hisamori).mid,1775,Classical
248,Mozart,piano_sonata_310_1_(c)oguri.mid,1778,Classical
249,Mozart,piano_sonata_310_3_(c)oguri.mid,1778,Classical
250,Mozart,piano_sonata_310_2_(c)oguri.mid,1778,Classical
251,Clementi,piano_sonata_7_3_(c)soltau.mid,1782,Classical
252,Mozart,piano_fantasie_397_(c)oguri.mid,1782,Classical
253,Mozart,piano_fantasie_396_(hisamori).mid,1782,Classical
254,Mozart,piano_sonata_331_1_(c)oguri.mid,1783,Classical
255,Mozart,piano_sonata_331_2_(c)oguri.mid,1783,Classical
256,Mozart,piano_sonata_331_3_(c)oguri.mid,1783,Classical
257,Mozart,piano_sonata_330_1_(c)oguri.mid,1783,Classical
258,Mozart,piano_sonata_330_3_(c)oguri.mid,1783,Classical
259,Mozart,piano_sonata_330_2_(c)oguri.mid,1783,Classical
260,Clementi,piano_sonata_12_4_(c)soltau.mid,1784,Classical
261,Clementi,piano_sonata_12_2_(c)soltau.mid,1784,Classical
262,Clementi,piano_sonata_12_1_(c)soltau.mid,1784,Classical
263,Mozart,piano_sonata_457_3_(c)oguri.mid,1784,Classical
264,Mozart,piano_sonata_457_1_(c)oguri.mid,1784,Classical
265,Mozart,piano_sonata_457_2_(c)oguri.mid,1784,Classical
266,Mozart,piano_fantasie_475_(c)oguri.mid,1785,Classical
267,Mozart,piano_sonata_545_1_(c)oguri.mid,1788,Classical
268,Mozart,piano_sonata_545_3_(c)oguri.mid,1788,Classical
269,Mozart,piano_sonata_545_2_(c)oguri.mid,1788,Classical
270,Beethoven,preludes_for_piano_or_organ_39_(c)hisamori.mid,1789,Classical Romantic
271,Mozart,piano_sonata_570_2_(c)oguri.mid,1789,Classical
272,Mozart,piano_sonata_570_1_(c)oguri.mid,1789,Classical
273,Mozart,piano_sonata_570_3_(c)oguri.mid,1789,Classical
274,Clementi,piano_sonata_25_2_(c)soltau.mid,1790,Classical
275,Clementi,piano_sonata_25_1_(c)soltau.mid,1790,Classical
276,Clementi,piano_sonata_26_3_(c)soltau.mid,1791,Classical
277,Clementi,piano_sonata_26_2_(c)soltau.mid,1791,Classical
278,Beethoven,variations_woo-66_(c)hisamori.mid,1792,Classical Romantic
279,Clementi,piano_sonata_40_2_(c)soltau.mid,1793,Classical
280,Beethoven,sonate_01_(c)hisamori.mid,1793,Classical Romantic
281,Beethoven,sonate_03_(c)hisamori.mid,1794,Classical Romantic
282,Beethoven,sonate_02_(c)hisamori.mid,1794,Classical Romantic
283,Beethoven,variations_woo-69_(c)hisamori.mid,1795,Classical Romantic
284,Beethoven,sonate_05_(c)hisamori.mid,1795,Classical Romantic
285,Clementi,piano_sonata_34_1_(c)soltau.mid,1795,Classical
286,Beethoven,rondo_for_piano_129_(c)hisamori.mid,1795,Classical Romantic
287,Beethoven,variations_woo-70_(c)hisamori.mid,1795,Classical Romantic
288,Beethoven,sonate_20_(c)hisamori.mid,1795,Classical Romantic
289,Beethoven,variations_woo-68_(c)hisamori.mid,1795,Classical Romantic
290,Beethoven,variations_woo-72_(c)hisamori.mid,1795,Classical Romantic
291,Beethoven,sonate_04_(c)hisamori.mid,1796,Classical Romantic
292,Beethoven,sonate_06_(c)hisamori.mid,1796,Classical Romantic
293,Beethoven,rondos_for_piano_51_(c)hisamori.mid,1796,Classical Romantic
294,Beethoven,sonate_07_(c)hisamori.mid,1797,Classical Romantic
295,Beethoven,sonate_19_(c)hisamori.mid,1797,Classical Romantic
296,Beethoven,sonate_08_(c)hisamori.mid,1797,Classical Romantic
297,Clementi,piano_sonata_37_2_(c)soltau.mid,1798,Classical
298,Clementi,piano_sonata_37_3_(c)soltau.mid,1798,Classical
299,Clementi,piano_sonata_37_1_(c)soltau.mid,1798,Classical
300,Beethoven,sonate_09_(c)hisamori.mid,1798,Classical Romantic
301,Beethoven,variations_woo-73_(c)hisamori.mid,1799,Classical Romantic
302,Beethoven,sonate_10_(c)hisamori.mid,1799,Classical Romantic
303,Beethoven,variations_woo-75_(c)hisamori.mid,1799,Classical Romantic
304,Beethoven,sonate_12_(c)hisamori.mid,1800,Classical Romantic
305,Beethoven,sonate_13_(c)hisamori.mid,1800,Classical Romantic
306,Beethoven,variations_woo-77_(c)hisamori.mid,1800,Classical Romantic
307,Beethoven,sonate_11_(c)hisamori.mid,1800,Classical Romantic
308,Beethoven,sonate_14_(c)hisamori.mid,1801,Classical Romantic
309,Beethoven,sonate_15_(c)hisamori.mid,1801,Classical Romantic
310,Beethoven,sonate_16_(c)hisamori.mid,1802,Classical Romantic
311,Beethoven,sonate_17_(c)hisamori.mid,1802,Classical Romantic
312,Beethoven,sonate_18_(c)hisamori.mid,1802,Classical Romantic
313,Beethoven,Beethoven_7_bagattelles_33.mid,1802,Classical Romantic
314,Beethoven,variations_woo-78_(c)hisamori.mid,1802,Classical Romantic
315,Beethoven,sonate_21_(c)hisamori.mid,1803,Classical Romantic
316,Beethoven,variations_woo-79_(c)hisamori.mid,1803,Classical Romantic
317,Beethoven,sonate_22_(c)hisamori.mid,1804,Classical Romantic
318,Beethoven,sonate_23_(c)hisamori.mid,1804,Classical Romantic
319,Beethoven,sonate_26_(c)hisamori.mid,1809,Classical Romantic
320,Beethoven,sonate_24_(c)hisamori.mid,1809,Classical Romantic
321,Beethoven,fantasy_for_piano_77_(c)hisamori.mid,1809,Classical Romantic
322,Beethoven,variations_woo-76_(c)hisamori.mid,1809,Classical Romantic
323,Beethoven,sonate_25_(c)hisamori.mid,1809,Classical Romantic
324,Beethoven,sonate_27_(c)hisamori.mid,1814,Classical Romantic
325,Beethoven,polonaise_for_piano_89_(c)hisamori.mid,1814,Classical Romantic
326,Beethoven,sonate_28_(c)hisamori.mid,1816,Classical Romantic
327,Beethoven,sonate_29_(c)hisamori.mid,1817,Classical Romantic
328,Beethoven,sonate_30_(c)hisamori.mid,1820,Classical Romantic
329,Beethoven,sonate_31_(c)hisamori.mid,1821,Classical Romantic
330,Beethoven,sonate_32_(c)hisamori.mid,1821,Classical Romantic
331,Clementi,piano_sonata_50_3_1_(c)soltau.mid,1821,Classical
332,Clementi,piano_sonata_50_3_4_(c)soltau.mid,1821,Classical
333,Clementi,piano_sonata_50_3_3_(c)soltau.mid,1821,Classical
334,Clementi,piano_sonata_50_3_2_(c)soltau.mid,1821,Classical
335,Chopin,mazurka_17_2_(c)yogore.MID,1822,Romantic
336,Chopin,mazurka_17_4_(c)yogore.MID,1822,Romantic
337,Schubert,schubert_piano_fantasy_C_major_D.760_Op.15_1st_movement.mid,1822,Romantic
338,Chopin,mazurka_17_3_(c)yogore.MID,1822,Romantic
339,Beethoven,12_bagattelles_119_(c)hisamori.mid,1822,Classical Romantic
340,Liszt,diabelli_variations_(c)halstead.mid,1822,Romantic 
341,Schubert,schubert_piano_fantasy_C_major_D.760_Op.15_2nd_movement.mid,1822,Romantic
342,Schubert,schubert_6moments_musicaux_D.780_Op.94_No.2.mid,1823,Romantic
343,Schubert,schubert_6moments_musicaux_D.780_Op.94_No.3.mid,1823,Romantic
344,Schubert,schubert_piano_sonata_A_minor_D.784_Op.143_1st_movement.mid,1823,Romantic
345,Schubert,schubert_6moments_musicaux_D.780_Op.94_No.6.mid,1823,Romantic
346,Schubert,schubert_6moments_musicaux_D.780_Op.94_No.5.mid,1823,Romantic
347,Schubert,schubert_6moments_musicaux_D.780_Op.94_No.4.mid,1823,Romantic
348,Beethoven,6_bagattelles_126_(c)hisamori.mid,1823,Classical Romantic
349,Schubert,schubert_6moments_musicaux_D.780_Op.94_No.1.mid,1823,Romantic
350,Schubert,schubert_piano_sonata_A_minor_D.784_Op.143_2nd_movement.mid,1823,Romantic
351,Schubert,schubert_piano_sonata_D_major_D.850_Op.53_2nd_movement.mid,1825,Romantic
352,Schubert,schubert_piano_sonata_D_major_D.850_Op.53_4th_movement.mid,1825,Romantic
353,Schubert,schubert_piano_sonata_D_major_D.850_Op.53_1st_movement.mid,1825,Romantic
354,Schubert,schubert_piano_sonata_D_major_D.850_Op.53_3rd_movement.mid,1825,Romantic
355,Liszt,liszt_etude_12_exercices_12_(c)yogore.mid,1826,Romantic 
356,Liszt,liszt_etude_12_exercices_4_(c)yogore.mid,1826,Romantic 
357,Liszt,liszt_etude_12_exercices_5_(c)yogore.mid,1826,Romantic 
358,Liszt,liszt_etude_12_exercices_2_(c)yogore.mid,1826,Romantic 
359,Liszt,liszt_etude_12_exercices_1_(c)yogore.mid,1826,Romantic 
360,Liszt,liszt_etude_12_exercices_10_(c)yogore.mid,1826,Romantic 
361,Liszt,liszt_etude_12_exercices_7_(c)yogore.mid,1826,Romantic 
362,Liszt,liszt_etude_12_exercices_9_(c)yogore.mid,1826,Romantic 
363,Liszt,liszt_etude_12_exercices_3_(c)yogore.mid,1826,Romantic 
364,Schubert,sonata_894_1_(c)bucknall.mid,1826,Romantic
365,Schubert,sonata_894_2_(c)bucknall.mid,1826,Romantic
366,Liszt,liszt_etude_12_exercices_11_(c)yogore.mid,1826,Romantic 
367,Schubert,sonata_894_3_(c)bucknall.mid,1826,Romantic
368,Liszt,liszt_etude_12_exercices_6_(c)yogore.mid,1826,Romantic 
369,Liszt,liszt_etude_12_exercices_8_(c)yogore.mid,1826,Romantic 
370,Schubert,sonata_894_4_(c)bucknall.mid,1826,Romantic
371,Schubert,schubert_4Impromptus_D.899_Op.90_No.1.mid,1827,Romantic
372,Schubert,schubert_4Impromptus_D.899_Op.90_No.2.mid,1827,Romantic
373,Schubert,schubert_4Impromptus_D.899_Op.90_No.4.mid,1827,Romantic
374,Schubert,schubert_4Impromptus_D.899_Op.90_No.3.mid,1827,Romantic
375,Schubert,schubert_piano_sonata_Bb_major_D.960_1st_movement 2.mid,1828,Romantic
376,Schubert,schubert_piano_sonata_C_minor_D.958_1st_Allegro 2.mid,1828,Romantic
377,Schubert,schubert_piano_sonata_C_minor_D.958_4th_Allegro 2.mid,1828,Romantic
378,Schubert,schubert_piano_sonata_Bb_major_D.960_3rd_movement 2.mid,1828,Romantic
379,Schumann,toccata_7_(c)siu.mid,1829,Romantic
380,Schumann,schumann_papillon_Op.2_No.7-12.mid,1829,Romantic
381,Schumann,schumann_papillon_Op.2_No.1.mid,1829,Romantic
382,Chopin,etude_10_12_(c)unknown.mid,1830,Romantic
383,Chopin,etude_10_9_(c)unknown.mid,1830,Romantic
384,Chopin,mazurka_68_2_(c)yogore.mid,1830,Romantic
385,Chopin,etude_10_6_(c)unknown.mid,1830,Romantic
386,Chopin,nocturne_9_2_(c)unknown.mid,1830,Romantic
387,Chopin,etude_25_12_(c)unknown.mid,1830,Romantic
388,Chopin,mazurka_6_2_(c)yogore.mid,1830,Romantic
389,Chopin,etude_10_1_(c)unknown.mid,1830,Romantic
390,Chopin,etude_10_11_(c)unknown.mid,1830,Romantic
391,Chopin,mazurka_7_2_(c)yogore.mid,1830,Romantic
392,Chopin,etude_25_6_(c)unknown.mid,1830,Romantic
393,Chopin,etude_25_9_(c)unknown.mid,1830,Romantic
394,Chopin,nocturne_9_3_(c)unknown.mid,1830,Romantic
395,Chopin,etude_10_5_(c)unknown.mid,1830,Romantic
396,Chopin,etude_25_7_(c)unknown.mid,1830,Romantic
397,Chopin,etude_25_11_(c)finley.mid,1830,Romantic
398,Chopin,etude_10_7_(c)unknown.mid,1830,Romantic
399,Chopin,mazurka_68_1_(c)yogore.mid,1830,Romantic
400,Chopin,etude_10_4_(c)finley.mid,1830,Romantic
401,Chopin,etude_10_10_(c)unknown.mid,1830,Romantic
402,Chopin,etude_10_8_(c)unknown.mid,1830,Romantic
403,Chopin,etude_10_3_(c)oguri.mid,1830,Romantic
404,Chopin,etude_25_1_(c)unknown.mid,1830,Romantic
405,Chopin,50654a_nocturne_op_15_no_2_(nc)smythe.mid,1830,Romantic
406,Chopin,nocturne_15_1_(c)finley.mid,1830,Romantic
407,Chopin,mazurka_7_1_(c)yogore.mid,1830,Romantic
408,Chopin,etude_10_2_(c)unknown.mid,1830,Romantic
409,Chopin,nocturne_op_9_1_2979_r_(nc)smythe.mid,1830,Romantic
410,Chopin,chopin_Ballade_No.1_Op.23.mid,1831,Romantic
411,Chopin,mazurka_24_3_(c)yogore.MID,1833,Romantic
412,Chopin,mazurka_24_4_(c)yogore.MID,1833,Romantic
413,Schumann,carnaval_9_(c)finley.mid,1833,Romantic
414,Schumann,sonate_22_2_(c)lefeldt.mid,1833,Romantic
415,Schumann,sonate_22_1_(c)lefeldt.mid,1833,Romantic
416,Chopin,nocturne_15_3_(c)unknown.mid,1833,Romantic
417,Chopin,fantasie_impromptu_op_66_6058_d_(nc)smythe.mid,1834,Romantic
418,Chopin,mazurka_67_4_(c)yogore.mid,1835,Romantic
419,Chopin,mazurka_67_3_(c)yogore.MID,1835,Romantic
420,Chopin,nocturne_27_1_(c)inoue.mid,1835,Romantic
421,Chopin,mazurka_67_2_(c)yogore.MID,1835,Romantic
422,Chopin,nocturne_27_2_(c)inoue.mid,1835,Romantic
423,Schumann,fantasie_17_3_(c)oguri.mid,1836,Romantic
424,Schumann,arabesque_(c)yogore.mid,1836,Romantic
425,Schumann,fantasie_17_2_(c)oguri.mid,1836,Romantic
426,Schumann,fantasie_17_1_(c)oguri.mid,1836,Romantic
427,Chopin,3562w_impromptu_a_flat_major_op_29_(nc)smythe.mid,1837,Romantic
428,Liszt,liszt_grand_etudes_3_(c)yogore.mid,1837,Romantic 
429,Chopin,64833a_nocturne_op_32_no_1_b_major_(nc)smythe.mid,1837,Romantic
430,Chopin,nocturne_32_2_(c)unknown.mid,1837,Romantic
431,Chopin,mazurka_30_3_(c)yogore.MID,1837,Romantic
432,Liszt,liszt_grand_etudes_6_(c)yogore.mid,1837,Romantic 
433,Liszt,liszt_grand_etudes_4_(c)yogore.mid,1837,Romantic 
434,Liszt,liszt_grand_etudes_2_(c)yogore.mid,1837,Romantic 
435,Chopin,mazurka_30_2_(c)yogore.MID,1837,Romantic
436,Liszt,liszt_grand_etudes_1_(c)yogore.mid,1837,Romantic 
437,Liszt,liszt_grand_etudes_5_(c)yogore.mid,1837,Romantic 
438,Schumann,schumann_68311a_kreisleriana_(nc)smythe.mid,1838,Romantic
439,Schumann,schumann_kinderszenen_15_5_(c)harfesoft.mid,1838,Romantic
440,Chopin,mazurka_33_4_(c)unknown.mid,1838,Romantic
441,Chopin,mazurka_41_2_(c)yogore.MID,1838,Romantic
442,Chopin,mazurka_41_1_(c)yogore.MID,1838,Romantic
443,Chopin,nocturne_37_1_(c)unknown.mid,1838,Romantic
444,Schumann,schumann_kinderszenen_15_1_(c)harfesoft.mid,1838,Romantic
445,Liszt,liszt_annees_de_pelerinage_premiere_suisse_2_(c)yogore.mid,1838,Romantic 
446,Liszt,liszt_annees_de_pelerinage_premiere_suisse_5_(c)yogore.mid,1838,Romantic 
447,Schumann,schumann_kinderszenen_15_3_(c)harfesoft.mid,1838,Romantic
448,Liszt,liszt_annees_de_pelerinage_premiere_suisse_1_(c)yogore.mid,1838,Romantic 
449,Liszt,liszt_annees_de_pelerinage_premiere_suisse_3_(c)yogore.mid,1838,Romantic 
450,Schumann,schumann_kinderszenen_15_2_(c)harfesoft.mid,1838,Romantic
451,Schumann,schumann_kinderszenen_15_4_(c)harfesoft.mid,1838,Romantic
452,Liszt,liszt_annees_de_pelerinage_premiere_suisse_4_(c)yogore.mid,1838,Romantic 
453,Chopin,etude_nouvelles_1_(c)unknown.mid,1839,Romantic
454,Chopin,chopin_Ballade_No.2_Op.38.mid,1839,Romantic
455,Schumann,nachtstucke_23_1_(c)lefeldt.mid,1839,Romantic
456,Schumann,nachtstucke_23_2_(c)lefeldt.mid,1839,Romantic
457,Chopin,nocturne_37_2_(c)unknown.mid,1839,Romantic
458,Chopin,chopin_Ballade_No.3_Op.47.mid,1841,Romantic
459,Chopin,nocturne_48_1_(c)unknown.mid,1841,Romantic
460,Chopin,chopin_Ballade_No.4_Op.52.mid,1842,Romantic
461,Chopin,58486a_nocturne_op_55_no_1_(nc)smythe.mid,1842,Romantic
462,Chopin,mazurka_50_3_(c)yogore.mid,1842,Romantic
463,Chopin,mazurka_50_2_(c)yogore.mid,1842,Romantic
464,Chopin,impromptu_51_(c)finley.mid,1842,Romantic
465,Chopin,berceuse_Op.57.mid,1844,Romantic
466,Schumann,fugue_72_1_(c)yogore.mid,1845,Romantic
467,Schumann,fugue_72_3_(c)yogore.mid,1845,Romantic
468,Schumann,fugue_72_4_(c)yogore.mid,1845,Romantic
469,Chopin,mazurka_59_2_(c)yogore.mid,1845,Romantic
470,Chopin,barcarolle_Op.60_(c)oguri.mid,1845,Romantic
471,Chopin,mazurka_59_1_(c)yogore.mid,1845,Romantic
472,Schumann,fugue_72_2_(c)yogore.mid,1845,Romantic
473,Chopin,mazurka_63_2_(c)yogore.mid,1846,Romantic
474,Chopin,mazurka_63_3_(c)yogore.mid,1846,Romantic
475,Chopin,nocturne_62_1_(c)finley.mid,1846,Romantic
476,Liszt,63253a_ballade_No.1_S.170_d_flat_(nc)smythe.mid,1848,Romantic 
477,Brahms,brahms_scherzo_Op.4.mid,1851,Romantic
478,Brahms,brahms_piano_sonata_No.2_Op.2.mid,1852,Romantic
479,Brahms,brahms_piano_sonata_No.1_Op.1.mid,1852,Romantic
480,Schumann,fugue_126_7_(c)yogore.mid,1853,Romantic
481,Schumann,fugue_126_2_(c)yogore.mid,1853,Romantic
482,Schumann,fugue_126_4_(c)yogore.mid,1853,Romantic
483,Schumann,fugue_126_5_(c)yogore.mid,1853,Romantic
484,Schumann,fugue_126_1_(c)yogore.mid,1853,Romantic
485,Brahms,brahms_piano_sonata_No.3_Op.5.mid,1853,Romantic
486,Schumann,fugue_126_3_(c)yogore.mid,1853,Romantic
487,Schumann,fugue_126_6_(c)yogore.mid,1853,Romantic
488,Brahms,brahms_four_ballades_Op.10_No.2.mid,1854,Romantic
489,Brahms,brahms_four_ballades_Op.10_No.3.mid,1854,Romantic
490,Brahms,brahms_four_ballades_Op.10_No.1.mid,1854,Romantic
491,Brahms,brahms_four_ballades_Op.10_No.4.mid,1854,Romantic
492,Brahms,brahms_variations_on_a_theme_by_Robert_Schumann_Op.9.mid,1854,Romantic
493,Brahms,hungarian_dance_2_(c)yogore.mid,1858,Romantic
494,Brahms,hungarian_dance_9_(c)yogore.mid,1858,Romantic
495,Brahms,hungarian_dance_21_(c)yogore.mid,1858,Romantic
496,Brahms,hungarian_dance_4_(c)yogore.mid,1858,Romantic
497,Brahms,hungarian_dance_19_(c)yogore.mid,1858,Romantic
498,Brahms,hungarian_dance_20_(c)yogore.mid,1858,Romantic
499,Brahms,hungarian_dance_3_(c)yogore.mid,1858,Romantic
500,Brahms,hungarian_dance_7_(c)yogore.mid,1858,Romantic
501,Brahms,hungarian_dance_12_(c)yogore.mid,1858,Romantic
502,Brahms,hungarian_dance_16_(c)yogore.mid,1858,Romantic
503,Brahms,hungarian_dance_13_(c)yogore.mid,1858,Romantic
504,Brahms,hungarian_dance_17_(c)yogore.mid,1858,Romantic
505,Brahms,hungarian_dance_11_(c)yogore.mid,1858,Romantic
506,Brahms,hungarian_dance_10_(c)yogore.mid,1858,Romantic
507,Brahms,hungarian_dance_14_(c)yogore.mid,1858,Romantic
508,Brahms,hungarian_dance_1_(c)yogore.mid,1858,Romantic
509,Brahms,hungarian_dance_18_(c)yogore.mid,1858,Romantic
510,Brahms,hungarian_dance_8_(c)yogore.mid,1858,Romantic
511,Brahms,hungarian_dance_6_(c)yogore.mid,1858,Romantic
512,Brahms,hungarian_dance_5_(c)yogore.mid,1858,Romantic
513,Brahms,hungarian_dance_15_(c)yogore.mid,1858,Romantic
514,Brahms,brahms_Theme_and_Variations_in_D_minor_Op.18b.mid,1860,Romantic
515,Brahms,brahms_variations_and_fugue_on_a_theme_by_Handel_Op.24.mid,1861,Romantic
516,Saint_Saens,saint_saens_mazurka_21_(c)yogore.mid,1862,Romantic Post-romantic 20th-century
517,Brahms,brahms_Etudes_for_Piano_Variations_on_a_Theme_of_Paganini_Op.35.mid,1862,Romantic
518,Grieg,grieg_piece_12_1_(c)oguri.mid,1864,Romantic Post-romantic
519,Brahms,brahms_walts_Op.39_No.13.mid,1865,Romantic
520,Brahms,brahms_walts_Op.39_No.16.mid,1865,Romantic
521,Brahms,brahms_walts_Op.39_No.5.mid,1865,Romantic
522,Brahms,brahms_walts_Op.39_No.10.mid,1865,Romantic
523,Brahms,brahms_walts_Op.39_No.11.mid,1865,Romantic
524,Brahms,brahms_walts_Op.39_No.6.mid,1865,Romantic
525,Brahms,brahms_walts_Op.39_No.15.mid,1865,Romantic
526,Brahms,brahms_walts_Op.39_No.14.mid,1865,Romantic
527,Brahms,brahms_walts_Op.39_No.1.mid,1865,Romantic
528,Brahms,brahms_walts_Op.39_No.4.mid,1865,Romantic
529,Brahms,brahms_walts_Op.39_No.2.mid,1865,Romantic
530,Brahms,brahms_walts_Op.39_No.7.mid,1865,Romantic
531,Grieg,grieg_sonata_in_e_minor_op_7_(hisamori).mid,1865,Romantic Post-romantic
532,Brahms,brahms_walts_Op.39_No.9.mid,1865,Romantic
533,Brahms,brahms_walts_Op.39_No.8.mid,1865,Romantic
534,Brahms,brahms_walts_Op.39_No.12.mid,1865,Romantic
535,Brahms,brahms_walts_Op.39_No.3.mid,1865,Romantic
536,Saint_Saens,saint_saens_mazurka_24_(c)yogore.mid,1871,Romantic Post-romantic 20th-century
537,Brahms,brahms_8_Piano_Pieces_Op.76_No.2.mid,1871,Romantic
538,Brahms,brahms_8_Piano_Pieces_Op.76_No.1.mid,1871,Romantic
539,Saint_Saens,saint_saens_menuet_56_(c)yogore.mid,1872,Romantic Post-romantic 20th-century
540,Tchaikovsky,tchaikovsky_6_Pieces_Op.19_No.6.mid,1873,Romantic
541,Tchaikovsky,tchaikovsky_6_Morceaux_Op.21_No.2.mid,1873,Romantic
542,Tchaikovsky,tchaikovsky_6_Morceaux_Op.21_No.5.mid,1873,Romantic
543,Tchaikovsky,tchaikovsky_6_Morceaux_Op.21_No.4.mid,1873,Romantic
544,Tchaikovsky,tchaikovsky_6_Pieces_Op.19_No.4.mid,1873,Romantic
545,Tchaikovsky,tchaikovsky_6_Pieces_Op.19_No.3.mid,1873,Romantic
546,Tchaikovsky,tchaikovsky_6_Morceaux_Op.21_No.3.mid,1873,Romantic
547,Tchaikovsky,tchaikovsky_6_Pieces_Op.19_No.5.mid,1873,Romantic
548,Tchaikovsky,tchaikovsky_6_Pieces_Op.19_No.1.mid,1873,Romantic
549,Tchaikovsky,tchaikovsky_6_Morceaux_Op.21_No.1.mid,1873,Romantic
550,Tchaikovsky,tchaikovsky_6_Pieces_Op.19_No.2.mid,1873,Romantic
551,Tchaikovsky,tchaikovsky_6_Morceaux_Op.21_No.6.mid,1873,Romantic
552,Mussorgsky,mussorgsky_pictures_at_an_exhibition_No.7_Il_mercato_di_Limoges-Catacombae.mid,1874,Romantic 
553,Mussorgsky,mussorgsky_pictures_at_an_exhibition_No.5_Passeggiata-Balletto_dei_pulcini_nei_loro_gusci.mid,1874,Romantic 
554,Mussorgsky,mussorgsky_pictures_at_an_exhibition_No.9_Baba_Yaga-La_grande_porta_di_Kiev.mid,1874,Romantic 
555,Mussorgsky,mussorgsky_pictures_at_an_exhibition_No.3_Passeggiata-Tuileries.mid,1874,Romantic 
556,Mussorgsky,mussorgsky_pictures_at_an_exhibition_No.8_Cum_Mortuis_in_lingua_mortua.mid,1874,Romantic 
557,Mussorgsky,mussorgsky_pictures_at_an_exhibition_No.1_Passeggiata-Gnomus.mid,1874,Romantic 
558,Mussorgsky,mussorgsky_pictures_at_an_exhibition_No.4_Bydlo.mid,1874,Romantic 
559,Mussorgsky,mussorgsky_pictures_at_an_exhibition_No.6_Samuel_Goldenberg_et_Schmuyle.mid,1874,Romantic 
560,Mussorgsky,mussorgsky_pictures_at_an_exhibition_No.2_Passeggiata-Il_vecchio_castello.mid,1874,Romantic 
561,Tchaikovsky,tchaikovsky_the_seasons_Op.37_6_Jun.mid,1875,Romantic
562,Tchaikovsky,tchaikovsky_the_seasons_Op.37_7_July.mid,1875,Romantic
563,Tchaikovsky,tchaikovsky_the_seasons_Op.37_2_Feb.mid,1875,Romantic
564,Tchaikovsky,tchaikovsky_the_seasons_Op.37_4_Apr.mid,1875,Romantic
565,Tchaikovsky,tchaikovsky_the_seasons_Op.37_5_May.mid,1875,Romantic
566,Tchaikovsky,tchaikovsky_the_seasons_Op.37_1_Jan.mid,1875,Romantic
567,Tchaikovsky,tchaikovsky_the_seasons_Op.37_8_Aug.mid,1875,Romantic
568,Tchaikovsky,tchaikovsky_the_seasons_Op.37_3_Mar.mid,1875,Romantic
569,Grieg,grieg_ballade_in_g_minor_op_24_(hisamori).mid,1875,Romantic Post-romantic
570,Tchaikovsky,tchaikovsky_the_seasons_Op.37_12_Dec.mid,1875,Romantic
571,Tchaikovsky,tchaikovsky_the_seasons_Op.37_11_Nov.mid,1875,Romantic
572,Tchaikovsky,tchaikovsky_the_seasons_Op.37_9_Sep.mid,1875,Romantic
573,Tchaikovsky,tchaikovsky_the_seasons_Op.37_10_Oct.mid,1875,Romantic
574,Rimsky_Korsakov,rimsky_korsakov_Op.15_Three_pieces_Romance.mid,1875,Romantic Post-romantic
575,Dvorak,dvorak_dumka_35_(c)yogore.mid,1876,Romantic Post-romantic
576,Dvorak,theme_and_variations_36_(c)yogore.mid,1876,Romantic Post-romantic
577,Rimsky_Korsakov,rimsky-korsakov-op11-2_4_Morceaux_Novelette.mid,1877,Romantic Post-romantic
578,Rimsky_Korsakov,rimsky-korsakov-op11-1_4_Morceaux_Impromptu.mid,1877,Romantic Post-romantic
579,Rimsky_Korsakov,rimsky-korsakov-op11-4_4_Morceaux_Etude.mid,1877,Romantic Post-romantic
580,Saint_Saens,etudes_52-5_(c)yogore.mid,1877,Romantic Post-romantic 20th-century
581,Saint_Saens,etudes_52-2_(c)yogore.mid,1877,Romantic Post-romantic 20th-century
582,Grieg,grieg_piece_38_1_(c)oguri.mid,1877,Romantic Post-romantic
583,Saint_Saens,etudes_52-3_(c)yogore.mid,1877,Romantic Post-romantic 20th-century
584,Saint_Saens,etudes_52-4_(c)yogore.mid,1877,Romantic Post-romantic 20th-century
585,Saint_Saens,etudes_52-6_(c)yogore.mid,1877,Romantic Post-romantic 20th-century
586,Saint_Saens,etudes_52-1_(c)yogore.mid,1877,Romantic Post-romantic 20th-century
587,Rimsky_Korsakov,rimsky-korsakov-op11-3_4_Morceaux_Scherzino.mid,1877,Romantic Post-romantic
588,Tchaikovsky,tchaikovsky_12_morceaux_Op.40_No.11.mid,1878,Romantic
589,Tchaikovsky,tchaikovsky_album_for_the_young_Op.39_No.1.mid,1878,Romantic
590,Tchaikovsky,tchaikovsky_album_for_the_young_Op.39_No.22.mid,1878,Romantic
591,Tchaikovsky,tchaikovsky_album_for_the_young_Op.39_No.20.mid,1878,Romantic
592,Tchaikovsky,tchaikovsky_album_for_the_young_Op.39_No.12.mid,1878,Romantic
593,Tchaikovsky,tchaikovsky_12_morceaux_Op.40_No.3.mid,1878,Romantic
594,Tchaikovsky,tchaikovsky_album_for_the_young_Op.39_No.15.mid,1878,Romantic
595,Tchaikovsky,tchaikovsky_album_for_the_young_Op.39_No.21.mid,1878,Romantic
596,Tchaikovsky,tchaikovsky_12_morceaux_Op.40_No.4.mid,1878,Romantic
597,Tchaikovsky,tchaikovsky_album_for_the_young_Op.39_No.10.mid,1878,Romantic
598,Tchaikovsky,tchaikovsky_12_morceaux_Op.40_No.5.mid,1878,Romantic
599,Tchaikovsky,tchaikovsky_album_for_the_young_Op.39_No.3.mid,1878,Romantic
600,Tchaikovsky,tchaikovsky_12_morceaux_Op.40_No.6.mid,1878,Romantic
601,Busoni,busoni_racconti_fantastici_Op.12_No.1_duel_(c)yogore.mid,1878,Modern 20th-century
602,Tchaikovsky,tchaikovsky_12_morceaux_Op.40_No.10.mid,1878,Romantic
603,Tchaikovsky,tchaikovsky_album_for_the_young_Op.39_No.19.mid,1878,Romantic
604,Tchaikovsky,tchaikovsky_12_morceaux_Op.40_No.1.mid,1878,Romantic
605,Tchaikovsky,tchaikovsky_12_morceaux_Op.40_No.2.mid,1878,Romantic
606,Tchaikovsky,tchaikovsky_album_for_the_young_Op.39_No.6.mid,1878,Romantic
607,Busoni,busoni_racconti_fantastici_Op.12_No.2_klein_zaches_(c)yogore.mid,1878,Modern 20th-century
608,Rimsky_Korsakov,rimsky_korsakov_Op.10_Six_variations_of_bach_No.3.mid,1878,Romantic Post-romantic
609,Rimsky_Korsakov,rimsky_korsakov_Op.10_Six_variations_of_bach_No.1.mid,1878,Romantic Post-romantic
610,Busoni,busoni_racconti_fantastici_Op.12_No.3_cavern_of_steenfoll_(c)yogore.mid,1878,Modern 20th-century
611,Tchaikovsky,tchaikovsky_12_morceaux_Op.40_No.8.mid,1878,Romantic
612,Tchaikovsky,tchaikovsky_album_for_the_young_Op.39_No.2.mid,1878,Romantic
613,Tchaikovsky,tchaikovsky_12_morceaux_Op.40_No.9.mid,1878,Romantic
614,Tchaikovsky,tchaikovsky_album_for_the_young_Op.39_No.5.mid,1878,Romantic
615,Tchaikovsky,tchaikovsky_album_for_the_young_Op.39_No.18.mid,1878,Romantic
616,Tchaikovsky,tchaikovsky_album_for_the_young_Op.39_No.8.mid,1878,Romantic
617,Tchaikovsky,tchaikovsky_album_for_the_young_Op.39_No.16.mid,1878,Romantic
618,Tchaikovsky,tchaikovsky_album_for_the_young_Op.39_No.13.mid,1878,Romantic
619,Tchaikovsky,tchaikovsky_album_for_the_young_Op.39_No.9.mid,1878,Romantic
620,Tchaikovsky,tchaikovsky_12_morceaux_Op.40_No.7.mid,1878,Romantic
621,Tchaikovsky,tchaikovsky_album_for_the_young_Op.39_No.24.mid,1878,Romantic
622,Tchaikovsky,tchaikovsky_album_for_the_young_Op.39_No.23.mid,1878,Romantic
623,Tchaikovsky,tchaikovsky_album_for_the_young_Op.39_No.7.mid,1878,Romantic
624,Tchaikovsky,tchaikovsky_album_for_the_young_Op.39_No.11.mid,1878,Romantic
625,Tchaikovsky,tchaikovsky_album_for_the_young_Op.39_No.17.mid,1878,Romantic
626,Tchaikovsky,tchaikovsky_album_for_the_young_Op.39_No.14.mid,1878,Romantic
627,Tchaikovsky,tchaikovsky_album_for_the_young_Op.39_No.4.mid,1878,Romantic
628,Tchaikovsky,tchaikovsky_12_morceaux_Op.40_No.12.mid,1878,Romantic
629,Dvorak,silhouettes_05_(c)yogore.mid,1879,Romantic Post-romantic
630,Dvorak,silhouettes_03_(c)yogore.mid,1879,Romantic Post-romantic
631,Dvorak,silhouettes_09_(c)yogore.mid,1879,Romantic Post-romantic
632,Dvorak,dvorak_8_Walts_Op.54_No.5.mid,1879,Romantic Post-romantic
633,Dvorak,silhouettes_04_(c)yogore.mid,1879,Romantic Post-romantic
634,Dvorak,dvorak_8_Walts_Op.54_No.7.mid,1879,Romantic Post-romantic
635,Dvorak,silhouettes_11_(c)yogore.mid,1879,Romantic Post-romantic
636,Dvorak,silhouettes_12_(c)yogore.mid,1879,Romantic Post-romantic
637,Dvorak,silhouettes_08_(c)yogore.mid,1879,Romantic Post-romantic
638,Dvorak,silhouettes_10_(c)yogore.mid,1879,Romantic Post-romantic
639,Dvorak,silhouettes_07_(c)yogore.mid,1879,Romantic Post-romantic
640,Dvorak,silhouettes_06_(c)yogore.mid,1879,Romantic Post-romantic
641,Dvorak,dvorak_8_Walts_Op.54_No.4.mid,1879,Romantic Post-romantic
642,Dvorak,dvorak_8_Walts_Op.54_No.2.mid,1879,Romantic Post-romantic
643,Dvorak,silhouettes_02_(c)yogore.mid,1879,Romantic Post-romantic
644,Brahms,brahms_2_Rhapsodies_Op.79_No.1.mid,1879,Romantic
645,Dvorak,dvorak_8_Walts_Op.54_No.1.mid,1879,Romantic Post-romantic
646,Dvorak,dvorak_8_Walts_Op.54_No.3.mid,1879,Romantic Post-romantic
647,Dvorak,silhouettes_01_(c)yogore.mid,1879,Romantic Post-romantic
648,Dvorak,dvorak_8_Walts_Op.54_No.8.mid,1879,Romantic Post-romantic
649,Dvorak,dvorak_8_Walts_Op.54_No.6.mid,1879,Romantic Post-romantic
650,Busoni,busoni_24_preludes_37_19_(c)yogore.mid,1880,Modern 20th-century
651,Busoni,busoni_24_preludes_37_13_(c)yogore.mid,1880,Modern 20th-century
652,Busoni,busoni_24_preludes_37_18_(c)yogore.mid,1880,Modern 20th-century
653,Busoni,busoni_24_preludes_37_04_(c)yogore.mid,1880,Modern 20th-century
654,Busoni,busoni_24_preludes_37_24_(c)yogore.mid,1880,Modern 20th-century
655,Busoni,busoni_24_preludes_37_11_(c)yogore.mid,1880,Modern 20th-century
656,Dvorak,dvorak_6_Mazurkas_Op.56_No.2.mid,1880,Romantic Post-romantic
657,Dvorak,dvorak_6_Mazurkas_Op.56_No.1.mid,1880,Romantic Post-romantic
658,Busoni,busoni_24_preludes_37_02_(c)yogore.mid,1880,Modern 20th-century
659,Busoni,busoni_24_preludes_37_09_(c)yogore.mid,1880,Modern 20th-century
660,Dvorak,dvorak_6_Mazurkas_Op.56_No.6.mid,1880,Romantic Post-romantic
661,Busoni,busoni_24_preludes_37_22_(c)yogore.mid,1880,Modern 20th-century
662,Busoni,busoni_24_preludes_37_20_(c)yogore.mid,1880,Modern 20th-century
663,Busoni,busoni_24_preludes_37_08_(c)yogore.mid,1880,Modern 20th-century
664,Busoni,busoni_24_preludes_37_07_(c)yogore.mid,1880,Modern 20th-century
665,Busoni,busoni_24_preludes_37_23_(c)yogore.mid,1880,Modern 20th-century
666,Busoni,busoni_24_preludes_37_10_(c)yogore.mid,1880,Modern 20th-century
667,Busoni,busoni_24_preludes_37_14_(c)yogore.mid,1880,Modern 20th-century
668,Busoni,busoni_24_preludes_37_12_(c)yogore.mid,1880,Modern 20th-century
669,Busoni,busoni_24_preludes_37_01_(c)yogore.mid,1880,Modern 20th-century
670,Busoni,busoni_24_preludes_37_05_(c)yogore.mid,1880,Modern 20th-century
671,Dvorak,dvorak_6_Mazurkas_Op.56_No.3.mid,1880,Romantic Post-romantic
672,Busoni,busoni_24_preludes_37_15_(c)yogore.mid,1880,Modern 20th-century
673,Busoni,busoni_24_preludes_37_17_(c)yogore.mid,1880,Modern 20th-century
674,Busoni,busoni_24_preludes_37_06_(c)yogore.mid,1880,Modern 20th-century
675,Busoni,busoni_24_preludes_37_21_(c)yogore.mid,1880,Modern 20th-century
676,Busoni,busoni_24_preludes_37_03_(c)yogore.mid,1880,Modern 20th-century
677,Busoni,busoni_24_preludes_37_16_(c)yogore.mid,1880,Modern 20th-century
678,Dvorak,dvorak_6_Mazurkas_Op.56_No.4.mid,1880,Romantic Post-romantic
679,Dvorak,dvorak_6_Mazurkas_Op.56_No.5.mid,1880,Romantic Post-romantic
680,Mussorgsky,mussorgsky_meditation.mid,1880,Romantic 
681,Mussorgsky,mussorgsky_une_larme.mid,1880,Romantic 
682,Faure,faure_Barcarolle_in_A_minor_Op.26.mid,1881,Romantic Modern
683,Faure,impromptu_1_(c)dery.mid,1881,Romantic Modern
684,Saint_Saens,saint_saens_mazurka_66_(c)yogore.mid,1882,Romantic Post-romantic 20th-century
685,Busoni,busoni_6_etudes_16_4_(c)yogore.mid,1883,Modern 20th-century
686,Albeniz,albeniz_Deseo_Estudio_de_Concierto_in_B minor_for_piano_Op.40.mid,1883,Romantic Post-romantic
687,Faure,impromptu_3_(c)dery.mid,1883,Romantic Modern
688,Busoni,busoni_6_etudes_16_3_(c)yogore.mid,1883,Modern 20th-century
689,Albeniz,albeniz_6_Pequeños_Valses_for_piano_Op.25_No.6.mid,1883,Romantic Post-romantic
690,Busoni,busoni_6_etudes_16_2_(c)yogore.mid,1883,Modern 20th-century
691,Albeniz,albeniz_6_Pequeños_Valses_for_piano_Op.25_No.3.mid,1883,Romantic Post-romantic
692,Faure,impromptu_2_(c)dery.mid,1883,Romantic Modern
693,Busoni,busoni_6_etudes_16_1_(c)yogore.mid,1883,Modern 20th-century
694,Albeniz,albeniz_6_Pequeños_Valses_for_piano_Op.25_No.2.mid,1883,Romantic Post-romantic
695,Albeniz,albeniz_6_Pequeños_Valses_for_piano_Op.25_No.5.mid,1883,Romantic Post-romantic
696,Albeniz,albeniz_6_Pequeños_Valses_for_piano_Op.25_No.4.mid,1883,Romantic Post-romantic
697,Busoni,busoni_6_etudes_16_5_(c)yogore.mid,1883,Modern 20th-century
698,Busoni,busoni_6_etudes_16_6_(c)yogore.mid,1883,Modern 20th-century
699,Albeniz,albeniz_6_Pequeños_Valses_for_piano_Op.25_No.1.mid,1883,Romantic Post-romantic
700,Albeniz,"albeniz_Barcarola in D-flat major for piano, Op.23.mid",1884,Romantic Post-romantic
701,Saint_Saens,album_72_3_(c)yogore.mid,1884,Romantic Post-romantic 20th-century
702,Saint_Saens,album_72_4_(c)yogore.mid,1884,Romantic Post-romantic 20th-century
703,Saint_Saens,album_72_6_(c)yogore.mid,1884,Romantic Post-romantic 20th-century
704,Saint_Saens,album_72_1_(c)yogore.mid,1884,Romantic Post-romantic 20th-century
705,Saint_Saens,album_72_5_(c)yogore.mid,1884,Romantic Post-romantic 20th-century
706,Saint_Saens,album_72_2_(c)yogore.mid,1884,Romantic Post-romantic 20th-century
707,Grieg,grieg_aus_holberger_zeit_op_40_(hisamori).mid,1884,Romantic Post-romantic
708,Saint_Saens,rhapsodie_73_(c)yogore.mid,1884,Romantic Post-romantic 20th-century
709,Satie,fantaisie_valse_(c)dery.mid,1885,Modern 20th-century
710,Albeniz,albeniz_7_estudios_en_los_tonos_naturales_mayores_for_piano_Op.65_No.6_in_B_major.mid,1885,Romantic Post-romantic
711,Satie,valse_ballet_(c)dery.mid,1885,Modern 20th-century
712,Faure,barcarolle_42_(c)lefeldt.mid,1885,Romantic Modern
713,Albeniz,albeniz_7_estudios_en_los_tonos_naturales_mayores_for_piano_Op.65_No.7_in_F_major.mid,1885,Romantic Post-romantic
714,Busoni,busoni_varianten_zu_etuden_und_praludien_von_chopin_01_(c)yogore.mid,1885,Modern 20th-century
715,Busoni,busoni_varianten_zu_etuden_und_praludien_von_chopin_02_(c)yogore.mid,1885,Modern 20th-century
716,Busoni,busoni_varianten_zu_etuden_und_praludien_von_chopin_06_(c)yogore.mid,1885,Modern 20th-century
717,Busoni,busoni_varianten_zu_etuden_und_praludien_von_chopin_05_(c)yogore.mid,1885,Modern 20th-century
718,Busoni,busoni_varianten_zu_etuden_und_praludien_von_chopin_03_(c)yogore.mid,1885,Modern 20th-century
719,Busoni,busoni_varianten_zu_etuden_und_praludien_von_chopin_04_(c)yogore.mid,1885,Modern 20th-century
720,Albeniz,albeniz_7_estudios_en_los_tonos_naturales_mayores_for_piano_Op.65_No.4_in_A_major.mid,1885,Romantic Post-romantic
721,Albeniz,albeniz_7_estudios_en_los_tonos_naturales_mayores_for_piano_Op.65_No.5_in_E_major.mid,1885,Romantic Post-romantic
722,Albeniz,albeniz_Estudio_Impromptu_in_B_minor_for_piano_Op.56.mid,1885,Romantic Post-romantic
723,Albeniz,albeniz_7_estudios_en_los_tonos_naturales_mayores_for_piano_Op.65_No.3_in_D_major.mid,1885,Romantic Post-romantic
724,Albeniz,albeniz_7_estudios_en_los_tonos_naturales_mayores_for_piano_Op.65_No.2_in_G_major.mid,1885,Romantic Post-romantic
725,Albeniz,albeniz_7_estudios_en_los_tonos_naturales_mayores_for_piano_Op.65_No.1_in_C_major.mid,1885,Romantic Post-romantic
726,Faure,barcarolle_41_(c)lefeldt.mid,1885,Romantic Modern
727,Grieg,grieg_piece_47_2_(c)oguri.mid,1886,Romantic Post-romantic
728,Albeniz,albeniz_Suite_Espanola_No.1_Op.47_No.2.mid,1886,Romantic Post-romantic
729,Grieg,grieg_piece_43_6_(c)oguri.mid,1886,Romantic Post-romantic
730,Albeniz,albeniz_Suite_Española_No. 1_for_piano_No.4_cadiz.mid,1886,Romantic Post-romantic
731,Satie,ogives_2_(c)dery.mid,1886,Modern 20th-century
732,Albeniz,albeniz_Suite_Espanola_No.1_Op.47_No.4.mid,1886,Romantic Post-romantic
733,Albeniz,albeniz_Suite_Española_No. 1_for_piano_No.8_cuba.mid,1886,Romantic Post-romantic
734,Grieg,grieg_piece_43_1_(c)oguri.mid,1886,Romantic Post-romantic
735,Albeniz,albeniz_Suite_Espanola_No.1_Op.47_No.1.mid,1886,Romantic Post-romantic
736,Grieg,grieg_piece_47_3_(c)oguri.mid,1886,Romantic Post-romantic
737,Albeniz,albeniz_Suite_Española_No. 1_for_piano_No.3_sevilla.mid,1886,Romantic Post-romantic
738,Albeniz,albeniz_Suite_Española_No. 1_for_piano_No.5_asturias.mid,1886,Romantic Post-romantic
739,Albeniz,albeniz_Suite_Española_No. 1_for_piano_No.6_aragon.mid,1886,Romantic Post-romantic
740,Scriabin,etude_2_1_(c)dery.mid,1886,Post-romantic Modern 20th-century
741,Satie,ogives_1_(c)dery.mid,1886,Modern 20th-century
742,Satie,ogives_3_(c)dery.mid,1886,Modern 20th-century
743,Albeniz,albeniz_Suite_Española_No. 1_for_piano_No.7_castilla.mid,1886,Romantic Post-romantic
744,Albeniz,albeniz_Suite_Española_No. 1_for_piano_No.2_cataluna.mid,1886,Romantic Post-romantic
745,Faure,faure_Barcarolle_in_A_flat_major_Op.44.mid,1886,Romantic Modern
746,Satie,ogives_4_(c)dery.mid,1886,Modern 20th-century
747,Albeniz,albeniz_Recuerdos_de_Viaje_Op.71_No.7.mid,1887,Romantic Post-romantic
748,Satie,sarabande_3_(c)dery.mid,1887,Modern 20th-century
749,Satie,sarabande_1_(c)dery.mid,1887,Modern 20th-century
750,Satie,sarabande_2_(c)dery.mid,1887,Modern 20th-century
751,Satie,gymnopedie_2_(c)dery.mid,1888,Modern 20th-century
752,Satie,gymnopedie_1_(c)dery.mid,1888,Modern 20th-century
753,Satie,gymnopedie_3_(c)dery.mid,1888,Modern 20th-century
754,Albeniz,albeniz_Suite_Espanola_No.2_Op.97_No.4.mid,1888,Romantic Post-romantic
755,Albeniz,albeniz_Mazurka_de_Salon_Op.96.mid,1888,Romantic Post-romantic
756,Scriabin,mazurka_3_3_(c)dery.mid,1889,Post-romantic Modern 20th-century
757,Grieg,grieg_piece_54_4_(c)oguri.mid,1889,Romantic Post-romantic
758,Scriabin,mazurka_3_4_(c)dery.mid,1889,Post-romantic Modern 20th-century
759,Scriabin,mazurka_3_2_(c)dery.mid,1889,Post-romantic Modern 20th-century
760,Scriabin,mazurka_3_1_(c)dery.mid,1889,Post-romantic Modern 20th-century
761,Debussy,debussy_Suite_bergamasque_L.75_No.3.mid,1890,Modern 20th-century
762,Debussy,debussy_Suite_bergamasque_L.75_No.2.mid,1890,Modern 20th-century
763,Debussy,debussy_L.68_Reverie.mid,1890,Modern 20th-century
764,Albeniz,albeniz_Espana_for_piano_Op.165_No.1.mid,1890,Romantic Post-romantic
765,Debussy,debussy_Suite_bergamasque_L.75_No.4.mid,1890,Modern 20th-century
766,Satie,gnossienne_1_(c)dery.mid,1890,Modern 20th-century
767,Albeniz,albeniz_Espana_for_piano_Op.165_No.2.mid,1890,Romantic Post-romantic
768,Satie,gnossienne_3_(c)dery.mid,1890,Modern 20th-century
769,Albeniz,albeniz_Espana_for_piano_Op.165_No.3.mid,1890,Romantic Post-romantic
770,Debussy,debussy_Suite_bergamasque_L.75_No.1.mid,1890,Modern 20th-century
771,Satie,gnossienne_2_(c)dery.mid,1890,Modern 20th-century
772,Debussy,debussy_Deux_arabesques_L.66_No.1.mid,1890,Modern 20th-century
773,Albeniz,albeniz_Espana_for_piano_Op.165_No.4.mid,1890,Romantic Post-romantic
774,Albeniz,albeniz_Espana_for_piano_Op.165_No.6.mid,1890,Romantic Post-romantic
775,Albeniz,albeniz_Espana_for_piano_Op.165_No.5.mid,1890,Romantic Post-romantic
776,Grieg,grieg_piece_57_6_(c)oguri.mid,1890,Romantic Post-romantic
777,Debussy,debussy_Deux_arabesques_L.66_No.2.mid,1891,Modern 20th-century
778,Brahms,brahms_Six_Pieces_for_Piano_Op.118_No.3.mid,1892,Romantic
779,Rachmaninoff,rachmaninoff_Morceaux_df_fantaisie_Op.3_No.3.mid,1892,Post-romantic 20th-century
780,Rachmaninoff,rachmaninoff_Morceaux_df_fantaisie_Op.3_No.4.mid,1892,Post-romantic 20th-century
781,Rachmaninoff,rachmaninoff_Morceaux_df_fantaisie_Op.3_No.5.mid,1892,Post-romantic 20th-century
782,Rachmaninoff,rachmaninoff_Morceaux_df_fantaisie_Op.3_No.2.mid,1892,Post-romantic 20th-century
783,Rachmaninoff,rachmaninoff_Op.3_2_Prelude_C#_minor.mid,1892,Post-romantic 20th-century
784,Brahms,brahms_Vier_Klavierstucke_Op.119_No.4.mid,1892,Romantic
785,Rachmaninoff,rachmaninoff_Morceaux_df_fantaisie_Op.3_No.1.mid,1892,Post-romantic 20th-century
786,Brahms,brahms_Six_Pieces_for_Piano_Op.118_No.6.mid,1892,Romantic
787,Brahms,brahms_Six_Pieces_for_Piano_Op.118_No.1.mid,1892,Romantic
788,Brahms,brahms_7_Fantasies_Op.116_No.2.mid,1892,Romantic
789,Brahms,brahms_Vier_Klavierstucke_Op.119_No.1.mid,1892,Romantic
790,Brahms,brahms_3_Intermezzi_Op.117_No.1.mid,1892,Romantic
791,Brahms,brahms_Six_Pieces_for_Piano_Op.118_No.2.mid,1892,Romantic
792,Brahms,brahms_Vier_Klavierstucke_Op.119_No.2.mid,1892,Romantic
793,Brahms,brahms_Vier_Klavierstucke_Op.119_No.3.mid,1892,Romantic
794,Brahms,brahms_3_Intermezzi_Op.117_No.2.mid,1892,Romantic
795,Rachmaninoff,rachmaninoff_Morceaux_de_salon_Op.10_No.7.mid,1893,Post-romantic 20th-century
796,Rachmaninoff,rachmaninoff_Morceaux_de_salon_Op.10_No.1.mid,1893,Post-romantic 20th-century
797,Scriabin,etude_8_1_(c)dery.mid,1894,Post-romantic Modern 20th-century
798,Scriabin,etude_8_10_(c)dery.mid,1894,Post-romantic Modern 20th-century
799,Scriabin,etude_8_7_(c)dery.mid,1894,Post-romantic Modern 20th-century
800,Debussy,debussy_L.95_Pour_le_piano_No.1_Prelude.mid,1894,Modern 20th-century
801,Scriabin,etude_8_3_(c)dery.mid,1894,Post-romantic Modern 20th-century
802,Scriabin,etude_8_2_(c)dery.mid,1894,Post-romantic Modern 20th-century
803,Debussy,debussy_L.95_Pour_le_piano_No.3_Toccata.mid,1894,Modern 20th-century
804,Scriabin,etude_8_4_(c)dery.mid,1894,Post-romantic Modern 20th-century
805,Scriabin,etude_8_11_(c)dery.mid,1894,Post-romantic Modern 20th-century
806,Scriabin,etude_8_5_(c)dery.mid,1894,Post-romantic Modern 20th-century
807,Scriabin,etude_8_9_(c)dery.mid,1894,Post-romantic Modern 20th-century
808,Dvorak,dvorak_Humoresques_No.7.mid,1894,Romantic Post-romantic
809,Debussy,debussy_L.95_Pour_le_piano_No.2_Sarabande.mid,1894,Modern 20th-century
810,Scriabin,etude_8_12_(c)dery.mid,1894,Post-romantic Modern 20th-century
811,Scriabin,etude_8_8_(c)dery.mid,1894,Post-romantic Modern 20th-century
812,Faure,barcarolle_66_(c)lefeldt.mid,1894,Romantic Modern
813,Scriabin,etude_8_6_(c)dery.mid,1894,Post-romantic Modern 20th-century
814,Faure,faure_Barcarolle_in_E_flat_major_Op.70.mid,1895,Romantic Modern
815,Sibelius,sibelius_10_Pieces_Op.24_No.9.mid,1895,Modern 20th-century
816,Ravel,ravel_M.7_Menuet_antique.mid,1895,Modern 20th-century
817,Albeniz,albeniz_Cantos_de_Espana_Op.232_No.1.mid,1896,Romantic Post-romantic
818,Grieg,grieg_piece_65_2_(c)oguri.mid,1896,Romantic Post-romantic
819,Grieg,grieg_piece_65_5_(c)oguri.mid,1896,Romantic Post-romantic
820,Albeniz,albeniz_La_vega.mid,1897,Romantic Post-romantic
821,Grieg,grieg_piece_68_3_(c)oguri.mid,1897,Romantic Post-romantic
822,Saint_Saens,saint_saens_valse_nonchalante_110_(c)yogore.mid,1898,Romantic Post-romantic 20th-century
823,Ravel,ravel_M.19_Pavane_pour_une_infante_defunte.mid,1899,Modern 20th-century
824,Saint_Saens,saint_saens_etudes_111_5_(c)yogore.mid,1899,Romantic Post-romantic 20th-century
825,Saint_Saens,saint_saens_etudes_111_2_(c)yogore.mid,1899,Romantic Post-romantic 20th-century
826,Saint_Saens,saint_saens_etudes_111_1_(c)yogore.mid,1899,Romantic Post-romantic 20th-century
827,Saint_Saens,saint_saens_etudes_111_4_(c)yogore.mid,1899,Romantic Post-romantic 20th-century
828,Saint_Saens,saint_saens_etudes_111_3_(c)yogore.mid,1899,Romantic Post-romantic 20th-century
829,Saint_Saens,saint_saens_etudes_111_6_(c)yogore.mid,1899,Romantic Post-romantic 20th-century
830,Grieg,grieg_piece_71_7_(c)oguri.mid,1901,Romantic Post-romantic
831,Rimsky_Korsakov,rimsky_korsakov_Flight_of_the_bumblebee.mid,1901,Romantic Post-romantic
832,Ravel,ravel_M.30_Jeux_de_d'eau.mid,1901,Modern 20th-century
833,Elgar,elgar_skizze.mid,1901,Romantic Post-romantic 20th-century
834,Rachmaninoff,rachmaninoff_Op.23_10_Preludes_No.7.mid,1901,Post-romantic 20th-century
835,Rachmaninoff,rachmaninoff_Op.23_10_Preludes_No.2.mid,1901,Post-romantic 20th-century
836,Rachmaninoff,rachmaninoff_Op.23_10_Preludes_No.3.mid,1901,Post-romantic 20th-century
837,Rachmaninoff,rachmaninoff_Op.23_10_Preludes_No.5.mid,1901,Post-romantic 20th-century
838,Rachmaninoff,rachmaninoff_Op.23_10_Preludes_No.9.mid,1901,Post-romantic 20th-century
839,Scriabin,etude_42_1_(c)dery.mid,1903,Post-romantic Modern 20th-century
840,Scriabin,etude_42_3_(c)dery.mid,1903,Post-romantic Modern 20th-century
841,Scriabin,etude_42_4_(c)dery.mid,1903,Post-romantic Modern 20th-century
842,Ravel,ravel_Sonatine_M.40.mid,1903,Modern 20th-century
843,Scriabin,etude_42_7_(c)dery.mid,1903,Post-romantic Modern 20th-century
844,Debussy,debussy_estampes_3_(c)galimberti.mid,1903,Modern 20th-century
845,Scriabin,etude_42_5_(c)dery.mid,1903,Post-romantic Modern 20th-century
846,Scriabin,etude_42_6_(c)dery.mid,1903,Post-romantic Modern 20th-century
847,Debussy,debussy_estampes_1_(c)galimberti.mid,1903,Modern 20th-century
848,Debussy,debussy_estampes_2_(c)galimberti.mid,1903,Modern 20th-century
849,Scriabin,etude_42_8_(c)dery.mid,1903,Post-romantic Modern 20th-century
850,Scriabin,etude_42_2_(c)dery.mid,1903,Post-romantic Modern 20th-century
851,Scriabin,morceaux_45_2_(c)lefeldt.mid,1904,Post-romantic Modern 20th-century
852,Ravel,ravel_Miroirs_M.43_No.4.mid,1904,Modern 20th-century
853,Ravel,ravel_Miroirs_M.43_No.1.mid,1904,Modern 20th-century
854,Sibelius,sibelius_Valse_triste_Op.44_piano_version_by_sibelius.mid,1904,Modern 20th-century
855,Ravel,ravel_Miroirs_M.43_No.3.mid,1904,Modern 20th-century
856,Scriabin,morceaux_45_1_(c)lefeldt.mid,1904,Post-romantic Modern 20th-century
857,Debussy,debussy_Masques_L.105.mid,1904,Modern 20th-century
858,Ravel,ravel_Miroirs_M.43_No.5.mid,1904,Modern 20th-century
859,Ravel,ravel_Miroirs_M.43_No.2.mid,1904,Modern 20th-century
860,Scriabin,morceaux_45_3_(c)lefeldt.mid,1904,Post-romantic Modern 20th-century
861,Faure,impromptu_4_(c)dery.mid,1905,Romantic Modern
862,Albeniz,albeniz_Iberia_book2_No.1_rondena.mid,1905,Romantic Post-romantic
863,Albeniz,albeniz_Iberia_book2_No.3_triana.mid,1905,Romantic Post-romantic
864,Albeniz,albeniz_Iberia_Book1_No.1.mid,1905,Romantic Post-romantic
865,Albeniz,albeniz_Iberia_book4_No.1_malaga.mid,1905,Romantic Post-romantic
866,Elgar,elgar_In_Smyrna.mid,1905,Romantic Post-romantic 20th-century
867,Faure,faure_Barcarolle_in_D_minor_Op.90.mid,1905,Romantic Modern
868,Albeniz,albeniz_Iberia_book3_No.2_el_polo.mid,1905,Romantic Post-romantic
869,Albeniz,albeniz_Iberia_book4_No.2_jerez.mid,1905,Romantic Post-romantic
870,Albeniz,albeniz_Iberia_Book1_No.2.mid,1905,Romantic Post-romantic
871,Albeniz,albeniz_Iberia_book2_No.2_almeria.mid,1905,Romantic Post-romantic
872,Albeniz,albeniz_Iberia_book4_No.3_eritana.mid,1905,Romantic Post-romantic
873,Albeniz,albeniz_Iberia_Book1_No.3.mid,1905,Romantic Post-romantic
874,Albeniz,albeniz_Iberia_book3_No.3_lavapies.mid,1905,Romantic Post-romantic
875,Albeniz,albeniz_Iberia_book3_No.1_el_albaicin.mid,1905,Romantic Post-romantic
876,Debussy,debussy_Children's_corner_L.113_No.3.mid,1906,Modern 20th-century
877,Debussy,debussy_Children's_corner_L.113_No.4.mid,1906,Modern 20th-century
878,Debussy,debussy_Children's_corner_L.113_No.1.mid,1906,Modern 20th-century
879,Debussy,debussy_Children's_corner_L.113_No.2.mid,1906,Modern 20th-century
880,Debussy,debussy_Children's_corner_L.113_No.5.mid,1906,Modern 20th-century
881,Debussy,debussy_Children's_corner_L.113_No.6.mid,1906,Modern 20th-century
882,Faure,faure_Barcarolle_in_D_flat_major_Op.96.mid,1906,Romantic Modern
883,Busoni,busoni_elegien_1_nach_der_wendung_(c)yogore.mid,1907,Modern 20th-century
884,Prokofiev,prokofiev_piano_sonata_No.3_A_minor_Op.28.mid,1907,Modern 20th-century
885,Ravel,ravel_Gaspard_de_la_nuit_Le_Gibet.mid,1908,Modern 20th-century
886,Ravel,ravel_Gaspard_de_la_nuit_Ondine.mid,1908,Modern 20th-century
887,Ravel,ravel_Gaspard_de_la_nuit_Scarbo.mid,1908,Modern 20th-century
888,Faure,prelude_103_8_(c)dery.mid,1909,Romantic Modern
889,Faure,prelude_103_2_(c)dery.mid,1909,Romantic Modern
890,Schoenberg,schoenberg_drei_klavierstucke_11_1_(c)simonetto.mid,1909,Modern 20th-century
891,Faure,prelude_103_5_(c)dery.mid,1909,Romantic Modern
892,Faure,prelude_103_1_(c)dery.mid,1909,Romantic Modern
893,Ravel,ravel_Menuet_sur_le_nom_d'Haydn_M.58.mid,1909,Modern 20th-century
894,Schoenberg,schoenberg_drei_klavierstucke_11_3_(c)simonetto.mid,1909,Modern 20th-century
895,Faure,prelude_103_9_(c)dery.mid,1909,Romantic Modern
896,Faure,prelude_103_6_(c)dery.mid,1909,Romantic Modern
897,Busoni,fantasia_su_bach_(dery).mid,1909,Modern 20th-century
898,Faure,prelude_103_7_(c)dery.mid,1909,Romantic Modern
899,Faure,impromptu_5_(c)dery.mid,1909,Romantic Modern
900,Faure,prelude_103_3_(c)dery.mid,1909,Romantic Modern
901,Faure,faure_Barcarolle_in_A_minor_Op.101.mid,1909,Romantic Modern
902,Schoenberg,schoenberg_drei_klavierstucke_11_2_(c)simonetto.mid,1909,Modern 20th-century
903,Faure,prelude_103_4_(c)dery.mid,1909,Romantic Modern
904,Stravinsky,stravinsky_firebird_07_Sudden Appearance_of_Prince_Ivan.mid,1910,Modern 20th-century
905,Stravinsky,stravinsky_firebird_02_Appearance_of_the_Firebird_pursued_by_Prince_Ivan.mid,1910,Modern 20th-century
906,Berg,berg_piano_sonata_No.1.mid,1910,Modern 20th-century
907,Stravinsky,stravinsky_firebird_05_The_Firebird's_Supplication.mid,1910,Modern 20th-century
908,Stravinsky,stravinsky_firebird_03_Dance_of_the_Firebird.mid,1910,Modern 20th-century
909,Stravinsky,stravinsky_firebird_08_Daybreak.mid,1910,Modern 20th-century
910,Rachmaninoff,rachmaninoff_Op.32_13_Preludes_No.13.mid,1910,Post-romantic 20th-century
911,Ravel,ravel_ma_mere_l_oye_1.mid,1910,Modern 20th-century
912,Stravinsky,stravinsky_firebird_11_Disappearance_of_Kastchei's_Palace.mid,1910,Modern 20th-century
913,Stravinsky,stravinsky_firebird_10_Lullaby_Kastchei's_Death.mid,1910,Modern 20th-century
914,Stravinsky,stravinsky_firebird_04_Capture_of_the_Firebird_by_Prince_Ivan.mid,1910,Modern 20th-century
915,Rachmaninoff,rachmaninoff_Op.32_13_Preludes_No.1.mid,1910,Post-romantic 20th-century
916,Stravinsky,stravinsky_firebird_06_Appearance_of_the_13_enchanted_princesses.mid,1910,Modern 20th-century
917,Rachmaninoff,rachmaninoff_Op.32_13_Preludes_No.11.mid,1910,Post-romantic 20th-century
918,Stravinsky,stravinsky_firebird_01_Introduction.mid,1910,Modern 20th-century
919,Rachmaninoff,rachmaninoff_Op.32_13_Preludes_No.8.mid,1910,Post-romantic 20th-century
920,Stravinsky,stravinsky_firebird_09_Appearance_of_the_Firebird.mid,1910,Modern 20th-century
921,Bartok,bartok_allegro_barbaro_(c)oguri.mid,1911,Modern 20th-century
922,Rachmaninoff,rachmaninoff_Op.33_8_Etudes-tableaux_No.5.mid,1911,Post-romantic 20th-century
923,Rachmaninoff,rachmaninoff_Op.33_8_Etudes-tableaux_No.8.mid,1911,Post-romantic 20th-century
924,Schoenberg,schoenberg_sechs_klavierstucke_19_6_(c)simonetto.mid,1911,Modern 20th-century
925,Schoenberg,schoenberg_sechs_klavierstucke_19_4_(c)simonetto.mid,1911,Modern 20th-century
926,Schoenberg,schoenberg_sechs_klavierstucke_19_3_(c)simonetto.mid,1911,Modern 20th-century
927,Schoenberg,schoenberg_sechs_klavierstucke_19_1_(c)simonetto.mid,1911,Modern 20th-century
928,Schoenberg,schoenberg_sechs_klavierstucke_19_2_(c)simonetto.mid,1911,Modern 20th-century
929,Schoenberg,schoenberg_sechs_klavierstucke_19_5_(c)simonetto.mid,1911,Modern 20th-century
930,Ravel,ravel_Valses_nobles_et_sentimentales_M.61.mid,1911,Modern 20th-century
931,Rachmaninoff,rachmaninoff_Op.33_8_Etudes-tableaux_No.6.mid,1911,Post-romantic 20th-century
932,Stravinsky,stravinsky_rite_of_spring_05_(c)yogore.mid,1912,Modern 20th-century
933,Stravinsky,stravinsky_rite_of_spring_01_(c)yogore (1).mid,1912,Modern 20th-century
934,Stravinsky,stravinsky_rite_of_spring_07_(c)yogore.mid,1912,Modern 20th-century
935,Stravinsky,stravinsky_rite_of_spring_02_(c)yogore.mid,1912,Modern 20th-century
936,Stravinsky,stravinsky_rite_of_spring_08_(c)yogore.mid,1912,Modern 20th-century
937,Stravinsky,stravinsky_rite_of_spring_06_(c)yogore.mid,1912,Modern 20th-century
938,Sibelius,sibelius_10_Pensees_lyriques_Op.40_No.8.mid,1912,Modern 20th-century
939,Sibelius,sibelius_10_Pensees_lyriques_Op.40_No.10.mid,1912,Modern 20th-century
940,Scriabin,prelude_67_2_(c)lefeldt.mid,1912,Post-romantic Modern 20th-century
941,Scriabin,prelude_67_1_(c)lefeldt.mid,1912,Post-romantic Modern 20th-century
942,Busoni,busoni_sonata_No.2_Op.8_bv-61_scherzo_(c)yogore.mid,1912,Modern 20th-century
943,Ravel,ravel_A_la_maniere_de_Borodin_M.63.mid,1912,Modern 20th-century
944,Prokofiev,prokofiev_sonata_No.2_Op.14_2nd_movement.mid.mid,1912,Modern 20th-century
945,Prokofiev,prokofiev_toccata_Op.11_D_minor.mid,1912,Modern 20th-century
946,Prokofiev,prokofiev_sonata_No.2_Op.14_1st_movement.mid,1912,Modern 20th-century
947,Prokofiev,prokofiev_sonata_No.2_Op.14_4th_movement.mid.mid,1912,Modern 20th-century
948,Prokofiev,prokofiev_sonata_No.2_Op.14_3rd_movement.mid.mid,1912,Modern 20th-century
949,Stravinsky,stravinsky_rite_of_spring_03_(c)yogore.mid,1912,Modern 20th-century
950,Stravinsky,stravinsky_rite_of_spring_04_(c)yogore.mid,1912,Modern 20th-century
951,Sibelius,sibelius_10_Pensees_lyriques_Op.40_No.3.mid,1912,Modern 20th-century
952,Sibelius,sibelius_10_Pensees_lyriques_Op.40_No.2.mid,1912,Modern 20th-century
953,Sibelius,sibelius_10_Pensees_lyriques_Op.40_No.1.mid,1912,Modern 20th-century
954,Ravel,ravel_A_la_maniere_de_Emmanuel_Chabrier_M.63.mid,1912,Modern 20th-century
955,Sibelius,sibelius_10_Pensees_lyriques_Op.40_No.5.mid,1912,Modern 20th-century
956,Sibelius,sibelius_10_Pensees_lyriques_Op.40_No.7.mid,1912,Modern 20th-century
957,Sibelius,sibelius_10_Pensees_lyriques_Op.40_No.6.mid,1912,Modern 20th-century
958,Sibelius,sibelius_10_Pensees_lyriques_Op.40_No.9.mid,1912,Modern 20th-century
959,Sibelius,sibelius_10_Pensees_lyriques_Op.40_No.4.mid,1912,Modern 20th-century
960,Satie,embryons_1_(c)bachovich.mid,1913,Modern 20th-century
961,Ravel,ravel_Prelude_M.65.mid,1913,Modern 20th-century
962,Faure,barcarolle_105_(c)lefeldt.mid,1913,Romantic Modern
963,Satie,embryons_3_(c)bachovich.mid,1913,Modern 20th-century
964,Faure,faure_Barcarolle_in_A_minor_Op.104_No.2.mid,1913,Romantic Modern
965,Satie,embryons_2_(c)bachovich.mid,1913,Modern 20th-century
966,Sibelius,sibelius_Op.75_No.4.mid,1914,Modern 20th-century
967,Ravel,ravel_tombeau_de_couperin_3_(c)oguri.mid,1914,Modern 20th-century
968,Debussy,debussy_six_epigraphes_antiques_L.131_No.5.mid,1914,Modern 20th-century
969,Ravel,ravel_tombeau_de_couperin_1_(c)oguri.mid,1914,Modern 20th-century
970,Ravel,ravel_tombeau_de_couperin_2_(c)oguri.mid,1914,Modern 20th-century
971,Ravel,ravel_tombeau_de_couperin_6_(c)oguri.mid,1914,Modern 20th-century
972,Debussy,debussy_six_epigraphes_antiques_L.131_No.1.mid,1914,Modern 20th-century
973,Sibelius,sibelius_Op.75_No.5_Granen_The_Spruce.mid,1914,Modern 20th-century
974,Sibelius,sibelius_Op.75_No.1.mid,1914,Modern 20th-century
975,Debussy,debussy_six_epigraphes_antiques_L.131_No.4.mid,1914,Modern 20th-century
976,Ravel,ravel_tombeau_de_couperin_5_(c)oguri.mid,1914,Modern 20th-century
977,Sibelius,sibelius_Op.75_No.3.mid,1914,Modern 20th-century
978,Debussy,debussy_six_epigraphes_antiques_L.131_No.6.mid,1914,Modern 20th-century
979,Ravel,ravel_tombeau_de_couperin_4_(c)oguri.mid,1914,Modern 20th-century
980,Sibelius,sibelius_Op.75_No.2.mid,1914,Modern 20th-century
981,Debussy,debussy_six_epigraphes_antiques_L.131_No.3.mid,1914,Modern 20th-century
982,Sibelius,sibelius_Etude_Op.76_No.2.mid,1914,Modern 20th-century
983,Debussy,debussy_six_epigraphes_antiques_L.131_No.2.mid,1914,Modern 20th-century
984,Bartok,bartok_roumanian_folk_dances_3_(c)pajares.mid,1915,Modern 20th-century
985,Bartok,bartok_roumanian_folk_dances_5_(c)pajares.mid,1915,Modern 20th-century
986,Bartok,bartok_roumanian_folk_dances_4_(c)pajares.mid,1915,Modern 20th-century
987,Bartok,bartok_roumanian_folk_dances_2_(c)pajares.mid,1915,Modern 20th-century
988,Busoni,busoni_Sonatinas_No.3_Ad_usum_infantis_Madeline_M.Americanae.mid,1915,Modern 20th-century
989,Busoni,busoni_Indianisches_Tagebuch_BV.267_No.2.mid,1915,Modern 20th-century
990,Busoni,busoni_Indianisches_Tagebuch_BV.267_No.1.mid,1915,Modern 20th-century
991,Busoni,busoni_Indianisches_Tagebuch_BV.267_No.4.mid,1915,Modern 20th-century
992,Bartok,bartok_sonatine_(c)oguri.mid,1915,Modern 20th-century
993,Bartok,bartok_roumanian_folk_dances_6_(c)pajares.mid,1915,Modern 20th-century
994,Prokofiev,prokofiev_vision_fugitives_Op.22.mid,1915,Modern 20th-century
995,Debussy,etude_01_(c)lefeldt.mid,1915,Modern 20th-century
996,Busoni,busoni_Indianisches_Tagebuch_BV.267_No.3.mid,1915,Modern 20th-century
997,Debussy,etude_05_(c)lefeldt.mid,1915,Modern 20th-century
998,Debussy,etude_06_(c)lefeldt.mid,1915,Modern 20th-century
999,Debussy,etude_04_(c)lefeldt.mid,1915,Modern 20th-century
1000,Debussy,etude_08_(c)lefeldt.mid,1915,Modern 20th-century
1001,Debussy,etude_02_(c)lefeldt.mid,1915,Modern 20th-century
1002,Debussy,etude_07_(c)lefeldt.mid,1915,Modern 20th-century
1003,Bartok,bartok_roumanian_folk_dances_1_(c)pajares.mid,1915,Modern 20th-century
1004,Debussy,etude_03_(c)lefeldt.mid,1915,Modern 20th-century
1005,Bartok,bartok_suite_Op.14_BB.70_Sz.62_(c)nimura.mid,1916,Modern 20th-century
1006,Busoni,busoni_Sonatinas_No.5_Brevis_in_Signo_Joannis_Sebastiani_Magni.mid,1917,Modern 20th-century
1007,Gershwin,gershwin_Rialto_ripples.mid,1917,Modern Jazz
1008,Busoni,busoni_Sonatinas_No.4_In_Diem_Nativitatis_Christi_MCMXVII.mid,1918,Modern 20th-century
1009,Ravel,ravel_La_Valse_M.72b.MID,1919,Modern 20th-century
1010,Gershwin,gershwin_Swanee.mid,1919,Modern Jazz
1011,Stravinsky,stravinsky-karageanes_ragmusic_(c)karageanes.mid,1919,Modern 20th-century
1012,Copland,copland_Three_moods_3.Jazzy.mid,1920,Modern 20th-century
1013,Copland,copland_The_cat_and_the_mouse.mid,1920,Modern 20th-century
1014,Busoni,busoni_toccata_287_part-2_(c)yogore.mid,1920,Modern 20th-century
1015,Busoni,busoni_toccata_287_part-1_(c)yogore.mid,1920,Modern 20th-century
1016,Schoenberg,schoenberg_op25_2.mid,1921,Modern 20th-century
1017,Stravinsky,stravinsky_3_Movements_from_petrushka_No.3_The_Shrovetide_fair.mid,1921,Modern 20th-century
1018,Schoenberg,schoenberg_op25_5.mid,1921,Modern 20th-century
1019,Faure,barcarolle_116_(c)lefeldt.mid,1921,Romantic Modern
1020,Schoenberg,schoenberg_op25_4.mid,1921,Modern 20th-century
1021,Schoenberg,schoenberg_op25_1.mid,1921,Modern 20th-century
1022,Schoenberg,schoenberg_op25_3.mid,1921,Modern 20th-century
1023,Stravinsky,stravinsky_3_Movements_from_petrushka_No.1_russian_dance.mid,1921,Modern 20th-century
1024,Gershwin,gershwin_Do_it_again.mid,1922,Modern Jazz
1025,Schoenberg,schoenberg_op23_4.mid,1923,Modern 20th-century
1026,Schoenberg,schoenberg_op23_3.mid,1923,Modern 20th-century
1027,Schoenberg,schoenberg_op23_2.mid,1923,Modern 20th-century
1028,Schoenberg,schoenberg_op23_5.mid,1923,Modern 20th-century
1029,Schoenberg,schoenberg_op23_1.mid,1923,Modern 20th-century
1030,Gershwin,gershwin_Fascinating_rhythm.mid,1924,Modern Jazz
1031,Gershwin,gershwin_rhapsody_in_blue_(c)oguri.mid,1924,Modern Jazz
1032,Gershwin,gershwin_Impromptu_in_two_keys.mid,1924,Modern Jazz
1033,Bartok,bartok_piano_sonata_BB.88_1_(c)unknown.mid,1926,Modern 20th-century
1034,Gershwin,gershwin_Three_Preludes_No.2.mid,1926,Modern Jazz
1035,Gershwin,gershwin_Three_Preludes_No.3.mid,1926,Modern Jazz
1036,Bartok,bartok_piano_sonata_BB.88_3_(c)unknown.mid,1926,Modern 20th-century
1037,Bartok,bartok_piano_sonata_BB.88_2_(c)unknown.mid,1926,Modern 20th-century
1038,Gershwin,gershwin_Three_Preludes_No.1.mid,1926,Modern Jazz
1039,Shostakovich,shostakovich_Aphorisms_Op.13_No.6_Etude 2.mid,1927,Modern 20th-century
1040,Shostakovich,shostakovich_Aphorisms_Op.13_No.3_Nocturne 2.mid,1927,Modern 20th-century
1041,Shostakovich,shostakovich_Aphorisms_Op.13_No.1_Recitative 2.mid,1927,Modern 20th-century
1042,Shostakovich,shostakovich_Aphorisms_Op.13_No.5_Funeral_March 2.mid,1927,Modern 20th-century
1043,Shostakovich,shostakovich_Aphorisms_Op.13_No.4_Elegy 2.mid,1927,Modern 20th-century
1044,Shostakovich,shostakovich_Aphorisms_Op.13_No.10_Berceuse 2.mid,1927,Modern 20th-century
1045,Shostakovich,shostakovich_Aphorisms_Op.13_No.8_Canon 2.mid,1927,Modern 20th-century
1046,Shostakovich,shostakovich_Aphorisms_Op.13_No.9_Legend 2.mid,1927,Modern 20th-century
1047,Gershwin,gershwin_S_Wonderful.mid,1927,Modern Jazz
1048,Gershwin,gershwin_The_man_I_love.mid,1927,Modern Jazz
1049,Shostakovich,shostakovich_Aphorisms_Op.13_No.2_Serenade 2.mid,1927,Modern 20th-century
1050,Shostakovich,shostakovich_Aphorisms_Op.13_No.7_Danse_macabre 2.mid,1927,Modern 20th-century
1051,Messiaen,1-01 Huit Préludes_ La colombe (The dove).mid,1928,Modern 20th-century
1052,Messiaen,1-02 Huit Préludes_ Chant d'extase dans un paysage triste (Song of ecstasy in a sad landscape).mid,1928,Modern 20th-century
1053,Messiaen,1-04 Huit Préludes_ Instants défunts (Instants dead and gone).mid,1928,Modern 20th-century
1054,Messiaen,1-08 Huit Préludes_ Un reflet dans le vent (A reflection in the wind).mid,1928,Modern 20th-century
1055,Schoenberg,schoenberg_op33b.mid,1928,Modern 20th-century
1056,Messiaen,1-07 Huit Préludes_ Plainte calme (Quiet lament).mid,1928,Modern 20th-century
1057,Messiaen,1-05 Huit Préludes_ Les sons impalpables du rêve (The impalpable sounds of dreaming).mid,1928,Modern 20th-century
1058,Messiaen,1-03 Huit Préludes_ Le nombre léger (The light number).mid,1928,Modern 20th-century
1059,Schoenberg,schoenberg_op33a.mid,1928,Modern 20th-century
1060,Sibelius,sibelius_5_Esquisses_Op.114_No.3.mid,1929,Modern 20th-century
1061,Sibelius,sibelius_5_Esquisses_Op.114_No.1.mid,1929,Modern 20th-century
1062,Sibelius,sibelius_5_Esquisses_Op.114_No.5.mid,1929,Modern 20th-century
1063,Sibelius,sibelius_5_Esquisses_Op.114_No.2.mid,1929,Modern 20th-century
1064,Sibelius,sibelius_5_Esquisses_Op.114_No.4.mid,1929,Modern 20th-century
1065,Gershwin,gershwin_I_got_rhythm.mid,1930,Modern Jazz
1066,Messiaen,"2-13 Fantaisie Burlesque, pour piano.mid",1932,Modern 20th-century
1067,Shostakovich,shostakovich_24Preludes_for_piano_Op.34_No.21 2.mid,1932,Modern 20th-century
1068,Shostakovich,shostakovich_24Preludes_for_piano_Op.34_No.10 2.mid,1932,Modern 20th-century
1069,Webern,webern_Variations_for_piano_Op.27_No.2.mid,1935,Modern  
1070,Webern,webern_Variations_for_piano_Op.27_No.1.mid,1935,Modern  
1071,Messiaen,"2-15 Pièce pour le Tombeau de Paul Dukas, pour piano.mid",1935,Modern 20th-century
1072,Webern,webern_Variations_for_piano_Op.27_No.3.mid,1935,Modern  
1073,Gershwin,gershwin_They_cant_take_that_away.mid,1937,Modern Jazz
1074,Schoenberg,01 Schoenberg_ Piano Concerto Op.42_ Andante.mid,1942,Modern 20th-century
1075,Schoenberg,03 Schoenberg_ Piano Concerto Op.42_ Adagio.mid,1942,Modern 20th-century
1076,Prokofiev,Prokofiev_piano_sonata_No.7_Op.83.mid,1942,Modern 20th-century
1077,Schoenberg,04 Schoenberg_ Piano Concerto Op.42_ Giocoso.mid,1942,Modern 20th-century
1078,Schoenberg,02 Schoenberg_ Piano Concerto Op.42_ Molto allegro.mid,1942,Modern 20th-century
1079,Messiaen,3-06 Vingt Regards sur l'Enfants-Jésus_ Par lui tout a été fait (By Him all was made).mid,1944,Modern 20th-century
1080,Messiaen,messiaen_Vingt_regards_sur_l'enfant-Jesus_No.11.mid,1944,Modern 20th-century
1081,Messiaen,4-02 Vingt Regards sur l'Enfants-Jésus_ La Parole toute puissante (The all-powerful word).mid,1944,Modern 20th-century
1082,Messiaen,"4-09 Vingt Regards sur l'Enfants-Jésus_ Je dors, mais mon coeur veille (I sleep, but my heart keeps watch).mid",1944,Modern 20th-century
1083,Messiaen,3-03 Vingt Regards sur l'Enfants-Jésus_ L'Echange.mid,1944,Modern 20th-century
1084,Messiaen,4-07 Vingt Regards sur l'Enfants-Jésus_ Regard du silence.mid,1944,Modern 20th-century
1085,Messiaen,3-02 Vingt Regards sur l'Enfants-Jésus_ Regard de l'Etoile.mid,1944,Modern 20th-century
1086,Messiaen,4-01 Vingt Regards sur l'Enfants-Jésus_ Prèmiere Communion de la Vierge (The virgin's first Communion).mid,1944,Modern 20th-century
1087,Messiaen,3-08 Vingt Regards sur l'Enfants-Jésus_ Regard des hauteurs.mid,1944,Modern 20th-century
1088,Messiaen,4-04 Vingt Regards sur l'Enfants-Jésus_ Regard des Anges.mid,1944,Modern 20th-century
1089,Messiaen,4-08 Vingt Regards sur l'Enfants-Jésus_ Regard de l'Onction terrible (Glance of the Blessing).mid,1944,Modern 20th-century
1090,Messiaen,3-10 Vingt Regards sur l'Enfants-Jésus_ Regard de l'esprit de joie (Glance of the spirit of joy).m4a.mid,1944,Modern 20th-century
1091,Messiaen,3-01 Vingt Regards sur l'Enfants-Jésus_ Regard du Père.mid,1944,Modern 20th-century
1092,Messiaen,3-05 Vingt Regards sur l'Enfants-Jésus_ Regard du Fils sur le Fils.mid,1944,Modern 20th-century
1093,Messiaen,2-07 Quatre Études de Rythme_ Île de Feu I (Island of Fire I).mid,1949,Modern 20th-century
1094,Messiaen,2-08 Quatre Études de Rythme_ Mode de Valeurs et d'Intensités (Mode of values and intensities).mid,1949,Modern 20th-century
1095,Shostakovich,shostakovich_preludes_and_fugues_Op.87_No.14.mid,1950,Modern 20th-century
1096,Shostakovich,shostakovich_preludes_and_fugues_Op.87_No.13.mid,1950,Modern 20th-century
1097,Shostakovich,shostakovich_preludes_and_fugues_Op.87_No.9.mid,1950,Modern 20th-century
1098,Shostakovich,shostakovich_preludes_and_fugues_Op.87_No.1.mid,1950,Modern 20th-century
1099,Shostakovich,shostakovich_preludes_and_fugues_Op.87_No.12.mid,1950,Modern 20th-century
1100,Shostakovich,shostakovich_preludes_and_fugues_Op.87_No.4.mid,1950,Modern 20th-century
1101,Shostakovich,shostakovich_preludes_and_fugues_Op.87_No.7.mid,1950,Modern 20th-century
1102,Shostakovich,shostakovich_preludes_and_fugues_Op.87_No.8.mid,1950,Modern 20th-century
1103,Shostakovich,shostakovich_preludes_and_fugues_Op.87_No.5.mid,1950,Modern 20th-century
1104,Shostakovich,shostakovich_preludes_and_fugues_Op.87_No.6.mid,1950,Modern 20th-century
1105,Shostakovich,shostakovich_preludes_and_fugues_Op.87_No.10.mid,1950,Modern 20th-century
1106,Shostakovich,shostakovich_preludes_and_fugues_Op.87_No.2.mid,1950,Modern 20th-century
1107,Shostakovich,shostakovich_preludes_and_fugues_Op.87_No.11.mid,1950,Modern 20th-century
1108,Shostakovich,shostakovich_preludes_and_fugues_Op.87_No.3.mid,1950,Modern 20th-century
1109,Messiaen,"5-05 Catalogue d'oiseaux_ Livre III. La Chouette hulotte (Strix aluco, The Tawny Owl).mid",1956,Modern 20th-century
1110,Messiaen,"6-02 Catalogue d'oiseaux_ Livre V. L'Alouette calandrelle (Calandrella brachydactyla, The Short-toed Lark).mid",1956,Modern 20th-century
1111,Messiaen,"5-06 Catalogue d'oiseaux_ Livre III. L'Alouette Lulu (Lullula arborea, The Wood Lark).mid",1956,Modern 20th-century
1112,Messiaen,7-01 Catalogue d'oiseaux_ Livre VI. Le Merle de roche (Monticola saxatillis).mid,1956,Modern 20th-century
1113,Messiaen,"5-01 Catalogue d'oiseaux_ Livre I. Le Chocard des Alpes (Coracis graculus, The Alpine Chough).mid",1956,Modern 20th-century
1114,Messiaen,7-04 Catalogue d'oiseaux_ Livre VII. Le Courlis cendré (Numenius arquata).mid,1956,Modern 20th-century
1115,Messiaen,"5-04 Catalogue d'oiseaux_ Livre II. Le Traquet stapazin (Cenenthe hispanica, The Black-eared Wheatear).mid",1956,Modern 20th-century
1116,Messiaen,"5-03 Catalogue d'oiseaux_ Livre I. Le Merle bleu (Monticola solitarius, The Blue Rock Thrush).mid",1956,Modern 20th-century
1117,Messiaen,"5-02 Catalogue d'oiseaux_ Livre I. Le Loriot (Oriolus oriolus, The Golden Oriole).mid",1956,Modern 20th-century
1118,Messiaen,7-03 Catalogue d'oiseaux_ Livre VII. Le Traquet rieur (Oenanthe leucura).mid,1956,Modern 20th-century
1119,Messiaen,2-01 Petites Esquisses d'oiseaux_ Le Rouge-Gorge (The Robin).mid,1985,Modern 20th-century
1120,Messiaen,2-03 Petites Esquisses d'oiseaux_ Le Rouge-Gorge (The Robin).mid,1985,Modern 20th-century
1121,Messiaen,2-05 Petites Esquisses d'oiseaux_ Le Rouge-Gorge (The Robin).mid,1985,Modern 20th-century
1122,Messiaen,2-06 Petites Esquisses d'oiseaux_ L'Alouette des Champs (The Skylark).mid,1985,Modern 20th-century
